﻿Field Name,Exported_Name
AEKLK,Net_Change_Cstg__AEKLK
AENAM,Changed_by__AENAM
AESZN,Doc_change_no__AESZN
ATTYP,Matl_Category__ATTYP
BEGRU,AuthorizGroup__BEGRU
BEHVO,Container__BEHVO
BFLME,Log_variants__BFLME
BISMT,Old_matl_number__BISMT
BLANZ,No_of_sheets__BLANZ
BLATT,Page_number__BLATT
BMATN,Int_material_no__BMATN
BRAND_ID,Brand__BRAND_ID
BREIT,Width__BREIT
BRGEW,Gross_Weight__BRGEW
BSTME,Order_Unit__BSTME
BWSCL,Supply_source__BWSCL
BWVOR,Procure_rule__BWVOR
CADKZ,CAD_Indicator__CADKZ
CARE_CODE,Care_Code__CARE_CODE
CMETH,Conv_Method__CMETH
COLOR,Color__COLOR
COLOR_ATINN,Internal_Char__COLOR_ATINN
COMPL,Comp_Level__COMPL
CUOBF,Int_object_no__CUOBF
DATAB,Valid_From__DATAB
DISST,Low_Level_Code__DISST
EAN11,EAN_UPC__EAN11
EANNR,EAN_number__EANNR
EKWSL,Purchvalue_key__EKWSL
ENTAR,Disposal_type__ENTAR
ERGEI,Unit_of_weight__ERGEI
ERGEW,Allowed_pkg_wt__ERGEW
ERNAM,Created_By__ERNAM
ERSDA,Created_On__ERSDA
ERVOE,Volume_unit__ERVOE
ERVOL,Allowed_volume__ERVOL
ETIAG,Labelmatl_grpg__ETIAG
ETIAR,Label_type__ETIAR
ETIFO,Label_form__ETIFO
EXTWG,Ext_Matl_Group__EXTWG
FASHGRD,Fashion_Grade__FASHGRD
FERTH,Prod_inspmemo__FERTH
FIBER_CODE1,Component_1__FIBER_CODE1
FIBER_CODE2,Component_2__FIBER_CODE2
FIBER_CODE3,Component_3__FIBER_CODE3
FIBER_CODE4,Component_4__FIBER_CODE4
FIBER_CODE5,Component_5__FIBER_CODE5
FIBER_PART1,Perc_Share_1__FIBER_PART1
FIBER_PART2,Perc_Share_2__FIBER_PART2
FIBER_PART3,Perc_Share_3__FIBER_PART3
FIBER_PART4,Perc_Share_4__FIBER_PART4
FIBER_PART5,Perc_Share_5__FIBER_PART5
FORMT,Page_format__FORMT
FREE_CHAR,Char_value__FREE_CHAR
FUELG,Maximum_level__FUELG
GEWEI,Weight_Unit__GEWEI
GEWTO,Excess_wt_tolerance__GEWTO
GROES,Size_dimensions__GROES
HOEHE,Height__HOEHE
IHIVI,Highly_viscous__IHIVI
ILOOS,In_bulk_liquid__ILOOS
INHAL,Net_contents__INHAL
INHBR,Gross_contents__INHBR
INHME,Content_unit__INHME
IPRKZ,Period_Ind__IPRKZ
KOSCH,ProdAllocation__KOSCH
KUNNR,Competitor__KUNNR
KZEFF,Assigneffvals__KZEFF
KZGVH,Closed__KZGVH
KZKFG,Configurable__KZKFG
KZKUP,Co_product__KZKUP
KZNFM,Follow_up_matl__KZNFM
KZREV,Revision_Level__KZREV
KZUMW,Envt_relevant__KZUMW
KZWSM,Units_meas_use__KZWSM
LABOR,Lab_Office__LABOR
LAEDA,Last_Change__LAEDA
LAENG,Length__LAENG
LIQDT,Valid_to__LIQDT
LVORM,DF_client_level__LVORM
MAGRV,Matl_Grp_Pckmat__MAGRV
MANDT,Client__MANDT
MANDTHTG,Client__MANDTHTG
MATKL,Material_Group__MATKL
MATNR,Material__MATNR
MBRSH,Industry_Sector__MBRSH
MEABM,Unit__MEABM
MEINS,Base_Unit__MEINS
MFRNR,Manufacturer__MFRNR
MFRPN,Mfr_Part_Number__MFRPN
MHDHB,Tot_shelf_life__MHDHB
MHDLP,Storage_%__MHDLP
MHDRZ,Rem_Shelf_Life__MHDRZ
MLGUT,W__empties_BOM__MLGUT
MPROF,Mfr_part_profile__MPROF
MSTAE,X_plant_status__MSTAE
MSTAV,X_DChain_status__MSTAV
MSTDE,Valid_from__MSTDE
MSTDV,Valid_from__MSTDV
MTART,Material_Type__MTART
MTPOS_MARA,GenItemCatGroup__MTPOS_MARA
NORMT,Ind_Std_Desc__NORMT
NRFHG,Disc_in_kind__NRFHG
NSNID,NIIN__NSNID
NTGEW,Net_Weight__NTGEW
NUMTP,EAN_category__NUMTP
PLGTP,Price_band_cat__PLGTP
PMATA,Pr_Ref_Matl__PMATA
PRDHA,Prod_Hierarchy__PRDHA
PROFL,DGIndProfile__PROFL
PRZUS,ProdComposition__PRZUS
PSTAT,Maint_status__PSTAT
QMPUR,QM_procurement__QMPUR
RAUBE,Storconditions__RAUBE
RBNRM,Catalog_profile__RBNRM
RDMHD,Rounding_rule__RDMHD
ROWX,Database_Rows__ROWX
RPA_WGH1,MG_hierarchy_level__RPA_WGH1
RPA_WGH2,MG_hierarchy_level__RPA_WGH2
RPA_WGH3,MG_hierarchy_level__RPA_WGH3
RPA_WGH4,MG_hierarchy_level__RPA_WGH4
RTID,Runtime_ID__RTID
SAISJ,Season_Year__SAISJ
SAISO,Season__SAISO
SAITY,Rollout__SAITY
SATNR,Cross_plant_CM__SATNR
SERLV,SerializLevel__SERLV
SIZE1,Main_Size__SIZE1
SIZE1_ATINN,Internal_Char__SIZE1_ATINN
SIZE2,Second_Size__SIZE2
SIZE2_ATINN,Internal_Char__SIZE2_ATINN
SPART,Division__SPART
SPROF,Pricing_profile__SPROF
STFAK,Stacking_factor__STFAK
STOFF,Haz_matl_no__STOFF
TAKLV,Tax_class__TAKLV
TEMPB,Temperature__TEMPB
TRAGR,Trans_Group__TRAGR
VABME,Var_Order_Unit__VABME
VHART,Packagmattype__VHART
VOLEH,Volume_Unit__VOLEH
VOLTO,Excess_volume_tol__VOLTO
VOLUM,Volume__VOLUM
VPREH,Compprice_unit__VPREH
VPSTA,Complete_status__VPSTA
WESCH,GR_slips_quantity__WESCH
WRKST,Basic_material__WRKST
XCHPF,Batch_Mgmt_Rqt__XCHPF
XGCHP,Batch_rec_req__XGCHP
ZEIAR,Document_type__ZEIAR
ZEIFO,Page_format__ZEIFO
ZEINR,Document__ZEINR
ZEIVR,Doc_Version__ZEIVR
ZZDISMM,MRP_Type__ZZDISMM
