﻿Field Name,Exported_Name
BSKRF,Invencorfact__BSKRF
DISKZ,MRP_ind__DISKZ
DLINL,Last_Count_Date__DLINL
EINME,Restricted_Use__EINME
ERSDA,Created_On__ERSDA
EXPPG,Preference_ind__EXPPG
EXVER,Export_ind__EXVER
FSH_SALLOC_QTY_S,Allocated_Stock__FSH_SALLOC_QTY_S
HERKL,Ctry_of_origin__HERKL
INSME,In_Qual_Insp__INSME
KEINM,Restr_Consgt__KEINM
KINSM,Cnsgt_in_QInsp__KINSM
KLABS,Unrestr_Consgt__KLABS
KSPEM,Blocked_Consgt__KSPEM
KZILE,Restricted_use__KZILE
KZILL,Warehouse_stock__KZILL
KZILQ,QualInspStock__KZILQ
KZILS,Blocked_stock__KZILS
KZVLE,Restricted_use__KZVLE
KZVLL,Warehouse_stock__KZVLL
KZVLQ,QualInspStock__KZVLQ
KZVLS,Blocked_stock__KZVLS
LABST,Unrestricted__LABST
LBSTF,Replenishmt_qty__LBSTF
LFGJA,Year_curperiod__LFGJA
LFMON,Current_period__LFMON
LGORT,Storage_Loc__LGORT
LGPBE,Storage_Bin__LGPBE
LMINB,Reorder_point__LMINB
LSOBS,SpecprocSLoc__LSOBS
LVORM,DF_storloclvl__LVORM
LWMKB,Picking_area__LWMKB
MANDT,Client__MANDT
MANDTHTG,Client__MANDTHTG
MATNR,Material__MATNR
MDJIN,MDJIN
MDRUE,MDRUE
PRCTL,Profit_Center__PRCTL
PSTAT,Maint_status__PSTAT
RETME,Returns__RETME
ROWX,Database_Rows__ROWX
RTID,Runtime_ID__RTID
SPEME,Blocked__SPEME
SPERR,Phys_Inv_Blk__SPERR
UMLME,Stock_in_tfr__UMLME
VKLAB,SP_stock_value__VKLAB
VKUML,Stk_transfer_SV__VKUML
VMEIN,Restr_use_PP__VMEIN
VMINS,In_qual_insp__VMINS
VMLAB,Unrestr_use__VMLAB
VMRET,Returns__VMRET
VMSPE,Blocked__VMSPE
VMUML,In_transfer__VMUML
WERKS,Plant__WERKS
