﻿Field Name,Exported_Name
AFABER,Deprec_area__AFABER
AFABG,OrddepStart__AFABG
AFASL,Dep_key__AFASL
ANLN1,Asset__ANLN1
ANLN2,Sub_number__ANLN2
BUKRS,Company_Code__BUKRS
DATEFROM,Valid_from__DATEFROM
DATETO,Valid_to__DATETO
ERGHB,Bal_sheet_item__ERGHB
ERGSO,Bal_sheet_item__ERGSO
KTANSW,Balshacct_APC__KTANSW
KTOPL,Chart_of_Accts__KTOPL
MANDTHTG,Client__MANDTHTG
NDJAR,Useful_life__NDJAR
NDPER,Periods__NDPER
ROWX,Count__ROWX
RTID,Runtime_ID__RTID
SAFBG,Specdepstart__SAFBG
VERSN_011,FinStmt_Vers__VERSN_011
ZINBG,Intcalcstart__ZINBG
