﻿Field Name,Exported_Name
AKTIV,Capitalized_on__AKTIV
ANLKL,Asset_Class__ANLKL
ANLN1,Asset__ANLN1
ANLN2,Sub_number__ANLN2
ANLUE,Asset_super_No__ANLUE
BUDGET_PD,Budget_Period__BUDGET_PD
BUDGET_PD2,Budget_Period__BUDGET_PD2
BUKRS,Company_Code__BUKRS
CAUFN,Int_order__CAUFN
DATEFROM,Valid_from__DATEFROM
DATETO,Valid_to__DATETO
DEAKT,DeactDate__DEAKT
EAUFN,Inv_order__EAUFN
ERDAT,Created_On__ERDAT
ERNAM,Created_By__ERNAM
FISTL,Funds_center__FISTL
FISTL2,Funds_Center__FISTL2
FKBER,Functional_Area__FKBER
FKBER2,Functional_Area__FKBER2
GDLGRP,Eval_Group_5__GDLGRP
GEBER,Fund__GEBER
GEBER2,Fund__GEBER2
GPLAB,Plretir_on__GPLAB
GRANT_NBR,Grant__GRANT_NBR
GRANT_NBR2,Grant__GRANT_NBR2
GSBER,Business_Area__GSBER
IMKEY,Real_Estate_Key__IMKEY
INKEN,Inventory_Ind__INKEN
INVNR,Inventory_no__INVNR
KOKRS,CO_Area__KOKRS
KOSTL,Cost_Center__KOSTL
KOSTLV,Resp_cost_ctr__KOSTLV
KTOGR,Account_determ__KTOGR
LANGU,Language__LANGU
LSTAR,Activity_Type__LSTAR
MANDT,Client__MANDT
MANDTHTG,Client__MANDTHTG
MEINS,Base_Unit__MEINS
MENGE,Quantity__MENGE
ORD41,Evalgroup_1__ORD41
ORD42,Evaluatgroup_2__ORD42
ORD43,Evaluatgroup_3__ORD43
ORD44,Evalgroup__4__ORD44
PERNR,Personnel_No__PERNR
POSID,WBS_element__POSID
PRCTR,Profit_Center__PRCTR
PS_PSP_PNR2,WBS_Element__PS_PSP_PNR2
ROWX,Count__ROWX
RTID,Runtime_ID__RTID
SEGMENT,Segment__SEGMENT
STORT,Location__STORT
TXTLG,Description__TXTLG
WERKS,Plant__WERKS
ZUGDT,First_acq_on__ZUGDT
ZUJHR,Acquisition_yr__ZUJHR
ZUPER,First_acqper__ZUPER
