﻿Field Name,Exported_Name
ADDR_SHORT,ADDR_SHORT
ADDR_SHORT_S,ADDR_SHORT_S
ADDRCOMM,Address_Number__ADDRCOMM
ADDRNUMBER,Address_number__ADDRNUMBER
ALTITUDE,Height__ALTITUDE
BUILDING,Building_Code__BUILDING
CITY_CODE,City_Code__CITY_CODE
CITY_CODE2,City_Code__CITY_CODE2
CITY1,City__CITY1
CITY2,District__CITY2
CITYH_CODE,City_No__CITYH_CODE
CITYP_CODE,District__CITYP_CODE
COUNTRY,Country__COUNTRY
DATE_FROM,From__DATE_FROM
DATE_TO,To__DATE_TO
DQ_OFFLINE_UPDATE,DeltaQueueOffl__DQ_OFFLINE_UPDATE
DQ_ONLINE_UPDATE,DeltaQueueOnlne__DQ_ONLINE_UPDATE
DQ_TIMESTAMP,DQ_Time_Stamp__DQ_TIMESTAMP
EXTENSION1,Data_line__EXTENSION1
EXTENSION2,Telebox__EXTENSION2
FAX_EXTENS,Extension__FAX_EXTENS
FAX_NUMBER,Fax__FAX_NUMBER
FAXDISPLAY,Fax_Number__FAXDISPLAY
FLOOR,Floor__FLOOR
HOME_CITY,Diff_City__HOME_CITY
HOUSE_NUM1,House_Number__HOUSE_NUM1
HOUSE_NUM2,Supplement__HOUSE_NUM2
LANGU,Language__LANGU
LATITUDE,Latitude__LATITUDE
LINE0,Line_0__LINE0
LINE1,Line_1__LINE1
LINE2,Line_2__LINE2
LINE3,Line_3__LINE3
LINE4,Line_4__LINE4
LINE5,Line_5__LINE5
LINE6,Line_6__LINE6
LINE7,Line_7__LINE7
LINE8,Line_8__LINE8
LINE9,Line_9__LINE9
LOCATION,Street_5__LOCATION
LONGITUDE,Longitude__LONGITUDE
MANDTHTG,Client__MANDTHTG
NAME_CO,c_o__NAME_CO
NAME_FIRST,First_Name__NAME_FIRST
NAME_GRP1,Name_1__NAME_GRP1
NAME_GRP2,Name_2__NAME_GRP2
NAME_LAST,Last_Name__NAME_LAST
NAME_ORG1,Name_1__NAME_ORG1
NAME_ORG2,Name_2__NAME_ORG2
NAME_ORG3,Name_3__NAME_ORG3
NAME_ORG4,Name_4__NAME_ORG4
NAME1,Name__NAME1
NAME2,Name_2__NAME2
NAME3,Name_3__NAME3
NAME4,Name_4__NAME4
NATION,Address_Version__NATION
PARTNER,BusinessPartner__PARTNER
PARTNER_GUID,BP_GUID__PARTNER_GUID
PERS_ADDR,pers_address__PERS_ADDR
PERSNUMBER,Person_number__PERSNUMBER
PO_BOX,PO_Box__PO_BOX
PO_BOX_CTY,PO_box_country__PO_BOX_CTY
PO_BOX_LOC,PO_Box_City__PO_BOX_LOC
PO_BOX_NUM,PO_Box_w_o_No__PO_BOX_NUM
PO_BOX_REG,PO_Region__PO_BOX_REG
POST_CODE1,Postal_Code__POST_CODE1
POST_CODE2,PO_Box_Post_Cde__POST_CODE2
POST_CODE3,Company_Post_Cd__POST_CODE3
PRECISID,Precision__PRECISID
PREFIX1,Prefix__PREFIX1
REGIOGROUP,Structure_Group__REGIOGROUP
REGION,Region__REGION
ROOMNUMBER,Room_Number__ROOMNUMBER
ROWX,Database_Rows__ROWX
RTID,Runtime_ID__RTID
SMTP_ADDR,E_Mail_Address__SMTP_ADDR
SORT1,Search_Term_1__SORT1
SORT2,Search_Term_2__SORT2
SRCID,Data_Source__SRCID
STR_SUPPL1,Street_2__STR_SUPPL1
STR_SUPPL2,Street_3__STR_SUPPL2
STR_SUPPL3,Street_4__STR_SUPPL3
STREET,Street__STREET
STREETCODE,Street_Code__STREETCODE
TAXJURCODE,Tax_Jurisdiction__TAXJURCODE
TD_SWITCH,Partner_Converted__TD_SWITCH
TEL_EXTENS,Extension__TEL_EXTENS
TEL_NUMBER,Telephone__TEL_NUMBER
TELDISPLAY,Telephone_No__TELDISPLAY
TIME_ZONE,Time_zone__TIME_ZONE
TITLE,Title__TITLE
TITLE_ACA1,Academic_Title__TITLE_ACA1
TITLE_ACA2,2nd_Academic__TITLE_ACA2
TITLE_ROYL,Name_Supplement__TITLE_ROYL
TRANSPZONE,Transport_Zone__TRANSPZONE
TYPE,Partner_Cat__TYPE
URI_ADDR,URI__URI_ADDR
VALID_FROM,Valid_From__VALID_FROM
VALID_TO,Valid_To__VALID_TO
