﻿Field Name,Exported_Name
ADDRCOMM,Address_Number__ADDRCOMM
AUGRP,Authorization_Group__AUGRP
BBP_IPISP,Tax_split__BBP_IPISP
BIRTHDT,Date_of_Birth__BIRTHDT
BIRTHPL,Birthplace__BIRTHPL
BP_EEW_DUMMY,BP_EEW_DUMMY
BP_SORT,PhonetSortFld__BP_SORT
BPEXT,External_Number__BPEXT
BPKIND,Partner_Type__BPKIND
BU_GROUP,Grouping__BU_GROUP
BU_LANGU,Language__BU_LANGU
BU_LOGSYS,Logical_System__BU_LOGSYS
BU_SORT1,Search_term_1__BU_SORT1
BU_SORT2,Search_term_2__BU_SORT2
CHDAT,Changed_on__CHDAT
CHILDREN,CHILDREN
CHTIM,Changed_at__CHTIM
CHUSR,Changed_by__CHUSR
CLIENT,Client__CLIENT
CNDSC,Country_of_Orig__CNDSC
CNTAX,CNTAX
CONTACT,Contact__CONTACT
CRDAT,Created_on__CRDAT
CRTIM,Created_at__CRTIM
CRUSR,Created_By__CRUSR
DB_KEY,DB_KEY
DEATHDT,Death_date__DEATHDT
DQ_OFFLINE_UPDATE,DeltaQueueOffl__DQ_OFFLINE_UPDATE
DQ_ONLINE_UPDATE,DeltaQueueOnlne__DQ_ONLINE_UPDATE
DQ_TIMESTAMP,DQ_Time_Stamp__DQ_TIMESTAMP
EMPLO,Employer__EMPLO
FOUND_DAT,Date_founded__FOUND_DAT
IND_SECTOR,Industry_sector__IND_SECTOR
INITIALS,Initials__INITIALS
IS_ORG_CENTRE,Is_Org_Center__IS_ORG_CENTRE
JOBGR,Occupation__JOBGR
KBANKL,Bank_Key__KBANKL
KBANKS,Bank_Country__KBANKS
LANGU_CORR,Correspondence_lang__LANGU_CORR
LEGAL_ENTY,Legal_form__LEGAL_ENTY
LEGAL_ORG,Legal_entity__LEGAL_ORG
LIQUID_DAT,Liquidation__LIQUID_DAT
LOCATION_1,Location_no_1__LOCATION_1
LOCATION_2,Location_no_2__LOCATION_2
LOCATION_3,Check_digit__LOCATION_3
MANDTHTG,Client__MANDTHTG
MARST,Marital_Status__MARST
MC_NAME1,Name_1_last_nm__MC_NAME1
MC_NAME2,Name2_first_nme__MC_NAME2
MEM_HOUSE,MEM_HOUSE
NAMCOUNTRY,Format_country__NAMCOUNTRY
NAME_FIRST,First_Name__NAME_FIRST
NAME_GRP1,Name_1__NAME_GRP1
NAME_GRP2,Name_2__NAME_GRP2
NAME_LAST,Last_Name__NAME_LAST
NAME_LAST2,Name_at_Birth__NAME_LAST2
NAME_LST2,Other_Last_Name__NAME_LST2
NAME_ORG1,Name_1__NAME_ORG1
NAME_ORG2,Name_2__NAME_ORG2
NAME_ORG3,Name_3__NAME_ORG3
NAME_ORG4,Name_4__NAME_ORG4
NAME1_TEXT,Full_Name__NAME1_TEXT
NAMEFORMAT,Name_Format__NAMEFORMAT
NAMEMIDDLE,Middle_Name__NAMEMIDDLE
NAPR,Natural_Person__NAPR
NATIO,Nationality__NATIO
NATPERS,Natural_Person__NATPERS
NICKNAME,Known_As__NICKNAME
NOT_LG_COMPETENT,Not_Legally_Competnt__NOT_LG_COMPETENT
NOT_RELEASED,Not_released__NOT_RELEASED
PAR_REL,Release_Indic__PAR_REL
PARTGRPTYP,Group_type__PARTGRPTYP
PARTNER,BusinessPartner__PARTNER
PARTNER_GUID,BP_GUID__PARTNER_GUID
PERNO,Personnel_no__PERNO
PERSNUMBER,Person_number__PERSNUMBER
PREFIX1,Prefix__PREFIX1
PREFIX2,2nd_prefix__PREFIX2
PRINT_MODE,Print_Format__PRINT_MODE
RATE,Cost_Rev_Rate__RATE
ROWX,Database_Rows__ROWX
RTID,Runtime_ID__RTID
SOURCE,Data_Origin__SOURCE
TD_SWITCH,Partner_Converted__TD_SWITCH
TITLE,Title__TITLE
TITLE_ACA1,Academic_Title__TITLE_ACA1
TITLE_ACA2,2nd_Academic__TITLE_ACA2
TITLE_LET,Salutation__TITLE_LET
TITLE_ROYL,Name_Supplement__TITLE_ROYL
TYPE,Partner_Cat__TYPE
VALID_FROM,Valid_From__VALID_FROM
VALID_TO,Valid_To__VALID_TO
XBLCK,Central_Block__XBLCK
XDELE,Archiving_Flag__XDELE
XPCPT,PurposeComplete_Flag__XPCPT
XSEXF,Female__XSEXF
XSEXM,Male__XSEXM
XSEXU,Unknown__XSEXU
XUBNAME,User_Name__XUBNAME
ZZ_FUL,ZZ_FUL
ZZCNT_FIRST,Date__ZZCNT_FIRST
ZZCNTID,rating__ZZCNTID
