﻿Field Name,Exported_Name
ABTEI,Department__ABTEI
AFUNK,Alt_function__AFUNK
ANRED,Title__ANRED
BKZER,Lock_act_rev__BKZER
BKZKP,Lock_ActPCosts__BKZKP
BKZKS,Actl_sec_costs__BKZKS
BKZOB,Commitment__BKZOB
BUKRS,Company_Code__BUKRS
CCKEY,Cost_collector__CCKEY
CPD_TEMPL,Activity_DepTmp__CPD_TEMPL
CPI_TEMPL,Activity_IndepTemp__CPI_TEMPL
DATEFROM,Valid_From__DATEFROM
DATETO,Valid_To__DATETO
DATLT,Data_line__DATLT
DRNAM,Printer_name__DRNAM
ERSDA,Created_on__ERSDA
ETYPE,Equity_type__ETYPE
FUNC_AREA,Functional_Area__FUNC_AREA
FUNKT,Function__FUNKT
GSBER,Business_Area__GSBER
JV_JIBCL,JIB_JIBE_Class__JV_JIBCL
JV_JIBSA,JIB_JIBE_SbClsA__JV_JIBSA
JV_OTYPE,JV_Object_Type__JV_OTYPE
KALSM,Costing_Sheet__KALSM
KAPPL,Application__KAPPL
KHINR,Std_Hierarchy__KHINR
KOKRS,CO_Area__KOKRS
KOMPL,Complete__KOMPL
KOSAR,CCtr_Category__KOSAR
KOSTL,KOSTL
KOSZSCHL,Overhead_key__KOSZSCHL
KVEWE,Usage__KVEWE
LAND1,Country__LAND1
LOGSYSTEM,Logical_System__LOGSYSTEM
MANDTHTG,Client__MANDTHTG
MGEFL,Record_Quantity__MGEFL
NAME1,Name__NAME1
NAME2,Name_2__NAME2
NAME3,Name_3__NAME3
NAME4,Name_4__NAME4
NKOST,SubseqCCtr__NKOST
OBJNR,Object_number__OBJNR
ORT01,City__ORT01
ORT02,District__ORT02
PFACH,PO_Box__PFACH
PKZER,Plan_revenues__PKZER
PKZKP,Plan_pri_costs__PKZKP
PKZKS,Plan_secondary__PKZKS
PRCTR,Profit_Center__PRCTR
PSTL2,PO_Box_PCode__PSTL2
PSTLZ,Postal_Code__PSTLZ
RECID,Recovery_Indic__RECID
REGIO,Region__REGIO
ROWX,Database_Rows__ROWX
RTID,Runtime_ID__RTID
SCD_TEMPL,Acty_Dep_TemplAlloc__SCD_TEMPL
SCI_TEMPL,Acty_IndepTemplAlloc__SCI_TEMPL
SKD_TEMPL,Templ_Stat_KF__SKD_TEMPL
SKI_TEMPL,Templ_Stat_KF__SKI_TEMPL
SPRAS,Language__SPRAS
STAKZ,Statistics_ind__STAKZ
STRAS,Street__STRAS
TELBX,Telebox__TELBX
TELF1,Telephone_1__TELF1
TELF2,Telephone_2__TELF2
TELFX,Fax_Number__TELFX
TELTX,Teletex__TELTX
TELX1,Telex__TELX1
TXJCD,Tax_Jur__TXJCD
USNAM,Created_by__USNAM
VERAK,Person_Resp__VERAK
VERAK_USER,User_Responsible__VERAK_USER
VMETH,Alloc_methods__VMETH
VNAME,Joint_venture__VNAME
WAERS,Currency__WAERS
WERKS,Plant__WERKS
