﻿Field Name,Exported_Name
ABRVW,Usage__ABRVW
ADRNR,Address__ADRNR
ANRED,Title__ANRED
AUFSD,Order_block__AUFSD
BAHNE,Express_station__BAHNE
BAHNS,Train_station__BAHNS
BBBNR,Location_no_1__BBBNR
BBSNR,Location_no_2__BBSNR
BEGRU,Authorization__BEGRU
BRAN1,Industry_code_1__BRAN1
BRAN2,Industry_code_2__BRAN2
BRAN3,Industry_code_3__BRAN3
BRAN4,Industry_code_4__BRAN4
BRAN5,Industry_code_5__BRAN5
BRSCH,Industry__BRSCH
BUBKZ,Check_digit__BUBKZ
CASSD,Sales_block__CASSD
CCC01,Biochemwarfare__CCC01
CCC02,Nuclnonprolif__CCC02
CCC03,Natlsecurity__CCC03
CCC04,Missile_techn__CCC04
CFOPC,CFOP_Category__CFOPC
CITYC,City_code__CITYC
CIVVE,Non_milit_use__CIVVE
COUNC,County_code__COUNC
DATLT,Data_line__DATLT
DEAR1,Competitors__DEAR1
DEAR2,Sales_partner__DEAR2
DEAR3,Prospect__DEAR3
DEAR4,Custtype_4__DEAR4
DEAR5,Default_SP__DEAR5
DEAR6,Consumer__DEAR6
DTAMS,DME_indicator__DTAMS
DTAWS,Instruction_key__DTAWS
DUEFL,Data_Transfer_Status__DUEFL
EKONT,Initial_contact__EKONT
ERDAT,Created_on__ERDAT
ERNAM,Created_by__ERNAM
ETIKG,Labcust_group__ETIKG
EXABL,Unloading_pts__EXABL
FAKSD,Billing_block__FAKSD
FISKN,Fiscal_address__FISKN
FITYP,Tax_type__FITYP
GFORM,Legal_status__GFORM
HZUOR,Hierassignment__HZUOR
INSPATDEBI,After_delivery__INSPATDEBI
INSPBYDEBI,By_customer__INSPBYDEBI
JMJAH,Year__JMJAH
JMZAH,Employee__JMZAH
KATR1,Attribute_1__KATR1
KATR10,Attribute_10__KATR10
KATR2,Attribute_2__KATR2
KATR3,Attribute_3__KATR3
KATR4,Attribute_4__KATR4
KATR5,Attribute_5__KATR5
KATR6,Attribute_6__KATR6
KATR7,Attribute_7__KATR7
KATR8,Attribute_8__KATR8
KATR9,Attribute_9__KATR9
KDKG1,Condition_grp_1__KDKG1
KDKG2,Condition_grp_2__KDKG2
KDKG3,Condition_grp_3__KDKG3
KDKG4,Condition_grp_4__KDKG4
KDKG5,Condition_grp_5__KDKG5
KNAZK,Working_times__KNAZK
KNRZA,Alternatpayer__KNRZA
KNURL,URL__KNURL
KONZS,Group__KONZS
KTOCD,Refacct_group__KTOCD
KTOKD,Account_group__KTOKD
KUKLA,Customer_Class__KUKLA
KUNNR,Customer__KUNNR
LAND1,Country__LAND1
LIFNR,Vendor__LIFNR
LIFSD,Delivery_block__LIFSD
LOCCO,Location_code__LOCCO
LOEVM,Deletion_flag__LOEVM
LZONE,Transport_Zone__LZONE
MANDT,Client__MANDT
MANDTHTG,Client__MANDTHTG
MCOD1,Name__MCOD1
MCOD2,Name_2__MCOD2
MCOD3,City__MCOD3
MILVE,Military_use__MILVE
NAME1,Name__NAME1
NAME2,Name_2__NAME2
NAME3,Name_3__NAME3
NAME4,Name_4__NAME4
NIELS,Nielsen_ID__NIELS
ORT01,City__ORT01
ORT02,District__ORT02
PERIV,FiYear_Variant__PERIV
PFACH,PO_Box__PFACH
PFORT,POBox_city__PFORT
PSTL2,PO_Box_PCode__PSTL2
PSTLZ,Postal_Code__PSTLZ
REGIO,Region__REGIO
ROWX,Database_Rows__ROWX
RPMKR,Regional_market__RPMKR
RTID,Runtime_ID__RTID
SORTL,Search_term__SORTL
SPERR,Posting_Block__SPERR
SPERZ,Payment_block__SPERZ
SPRAS,Language__SPRAS
STCD1,Tax_Number_1__STCD1
STCD2,Tax_Number_2__STCD2
STCD3,Tax_Number_3__STCD3
STCD4,Tax_Number_4__STCD4
STCDT,Tax_number_type__STCDT
STCEG,VAT_Reg_No__STCEG
STKZA,Equalizatn_tax__STKZA
STKZN,Natural_person__STKZN
STKZU,Liable_for_VAT__STKZU
STRAS,Street__STRAS
TELBX,Telebox__TELBX
TELF1,Telephone_1__TELF1
TELF2,Telephone_2__TELF2
TELFX,Fax_Number__TELFX
TELTX,Teletex__TELTX
TELX1,Telex__TELX1
TXJCD,Tax_Jur__TXJCD
TXLW1,ICMS_law__TXLW1
TXLW2,IPI_law__TXLW2
UMJAH,Sales_year__UMJAH
UMSA1,Annual_sales__UMSA1
UMSAT,Annual_sales__UMSAT
UWAER,Currency__UWAER
VBUND,Trading_partner__VBUND
WERKS,Plant__WERKS
XCPDK,One_time_acct__XCPDK
XICMS,ICMS_exempt__XICMS
XKNZA,Altpayerdoc__XKNZA
XSUBT,SubTrib_group__XSUBT
XXIPI,IPI_exempt__XXIPI
XZEMP,Payee_in_doc__XZEMP
