﻿Field Name,Exported_Name
ANTLF,MaxPartDeliv__ANTLF
AUFSD,Ordblksls_ar__AUFSD
AUTLF,Complete_dlv__AUTLF
AWAHR,Order_probab__AWAHR
BEGRU,AuthorizGroup__BEGRU
BOIDT,Rebate_index__BOIDT
BOKRE,Rebate__BOKRE
BZIRK,Sales_district__BZIRK
CHSPL,Batch_split__CHSPL
EIKTO,Acct_at_cust__EIKTO
ERDAT,Created_On__ERDAT
ERNAM,Created_By__ERNAM
FAKSD,BBlock_for_SlsA__FAKSD
INCO1,Incoterms__INCO1
INCO2,Incoterms_2__INCO2
KALKS,Custpricproc__KALKS
KDGRP,Customer_group__KDGRP
KLABC,ABC_class__KLABC
KONDA,Price_group__KONDA
KTGRD,AccAssmtGrpCust__KTGRD
KUNNR,Customer__KUNNR
KURST,Exch_Rate_Type__KURST
KVAKZ,Cost_estimate__KVAKZ
KVAWT,Maxcost_estim__KVAWT
KVGR1,Customer_grp_1__KVGR1
KVGR2,Customer_grp_2__KVGR2
KVGR3,Customer_grp_3__KVGR3
KVGR4,Customer_grp_4__KVGR4
KVGR5,Customer_grp_5__KVGR5
KZAZU,Order_Combinat__KZAZU
KZTLF,PartDlv_Item__KZTLF
LIFSD,DelBlckSalesAr__LIFSD
LOEVM,DelID_SlsArea__LOEVM
LPRIO,Delivery_Prior__LPRIO
MANDT,Client__MANDT
MANDTHTG,Client__MANDTHTG
MRNKZ,SubsInvProcess__MRNKZ
PERFK,Invoicing_dates__PERFK
PERRL,Invlist_sched__PERRL
PLTYP,Price_List__PLTYP
PRAT1,Product_attr1__PRAT1
PRAT2,Product_attr2__PRAT2
PRAT3,Product_attr3__PRAT3
PRAT4,Product_attr4__PRAT4
PRAT5,Product_attr5__PRAT5
PRAT6,Prodattribute6__PRAT6
PRAT7,Product_attr7__PRAT7
PRAT8,Prodattribute8__PRAT8
PRAT9,Product_attr9__PRAT9
PRATA,Prdattribute10__PRATA
PRFRE,Price_determin__PRFRE
ROWX,Database_Rows__ROWX
RTID,Runtime_ID__RTID
SPART,Division__SPART
VERSG,CustStatsGrp__VERSG
VKBUR,Sales_Office__VKBUR
VKGRP,Sales_Group__VKGRP
VKORG,Sales_Org__VKORG
VSBED,ShpCond__VSBED
VSORT,Item_proposal__VSORT
VTWEG,Distr_Channel__VTWEG
VWERK,Deliverplant__VWERK
WAERS,Currency__WAERS
ZTERM,Payt_Terms__ZTERM
