﻿Field Name,Exported_Name
AKONT,Recon_account__AKONT
ALTKN,Prevacct_no__ALTKN
BEGRU,Authorization__BEGRU
BLNKZ,Subsind__BLNKZ
BUKRS,Company_Code__BUKRS
BUSAB,Clerk_Abbrev__BUSAB
CESSION_KZ,AR_Pledging_Ind__CESSION_KZ
CONFS,ConfirmSt_CCd__CONFS
DATLZ,Last_intcalc__DATLZ
EIKTO,Acct_at_cust__EIKTO
EKVBD,Buying_Group__EKVBD
ERDAT,Created_on__ERDAT
ERNAM,Created_by__ERNAM
FDGRV,Planning_group__FDGRV
FRGRP,Release_group__FRGRP
GRICD,Activity_Code__GRICD
GRIDT,Distr_Type__GRIDT
GUZTE,Cr_memo_terms__GUZTE
HBKID,House_bank__HBKID
INTAD,"Clrk's_internet__INTAD"
KNRZB,Alternatpayer__KNRZB
KNRZE,Head_office__KNRZE
KULTG,Chk_cashng_time__KULTG
KUNNR,Customer__KUNNR
KVERM,Account_memo__KVERM
LOCKB,Lockbox__LOCKB
LOEVM,Cocde_deletion_flag__LOEVM
MANDT,Client__MANDT
MANDTHTG,Client__MANDTHTG
MGRUP,Grouping_key__MGRUP
NODEL,CoCd_delblock__NODEL
PERKZ,Collinvcevar__PERKZ
PERNR,Personnel_No__PERNR
REMIT,Next_payee__REMIT
ROWX,Database_Rows__ROWX
RTID,Runtime_ID__RTID
SPERR,Cocode_postblock__SPERR
SREGL,Selection_rule__SREGL
TLFNS,Actclk_telno__TLFNS
TLFXS,"Clerk's_fax__TLFXS"
TOGRU,Tolerance_group__TOGRU
UPDAT,Confirmdate__UPDAT
UPTIM,Confirmtime__UPTIM
URLID,Known_negleave__URLID
UZAWE,Pmt_methsupl__UZAWE
VERDT,Valid_To__VERDT
VRBKZ,Institution_no__VRBKZ
VRSDG,Rsn_code_conv__VRSDG
VRSNR,Policy_no__VRSNR
VRSPR,Deductible__VRSPR
VRSZL,Lead_months__VRSZL
VZSKZ,Interest_indic__VZSKZ
WAKON,B_e_chrges_trms__WAKON
WBRSL,Value_adjust__WBRSL
XAUSZ,Acct_statement__XAUSZ
XDEZV,Local_process__XDEZV
XEDIP,Pmt_adv_by_EDI__XEDIP
XKNZB,Altpayerdoc__XKNZB
XPORE,Individual_pmnt__XPORE
XVERR,Clrg_with_vend__XVERR
XZVER,Recpmnt_hist__XZVER
ZAHLS,Payment_block__ZAHLS
ZAMIB,Accounting__ZAMIB
ZAMIM,Custwith_CI__ZAMIM
ZAMIO,Custw_o_CI__ZAMIO
ZAMIR,Legal_departmnt__ZAMIR
ZAMIV,Sales__ZAMIV
ZGRUP,Grouping_key__ZGRUP
ZSABE,Customer_user__ZSABE
ZTERM,Payt_Terms__ZTERM
ZUAWA,Sort_key__ZUAWA
ZWELS,Payment_methods__ZWELS
