﻿Field Name,Exported_Name
AEDAT,Changed_On__AEDAT
CHARG,Batch__CHARG
DELTA,Date__DELTA
ERDAT,Created_On__ERDAT
EXIDV,Handling_Unit__EXIDV
LGORT,Storage_Loc__LGORT
MANDT,Client__MANDT
MANDTHTG,Client__MANDTHTG
MATNR,Material__MATNR
POSNR,Item__POSNR
ROWX,Database_Rows__ROWX
RTID,Runtime_ID__RTID
SOBKZ,Special_Stock__SOBKZ
SONUM,SpecStock_No__SONUM
UNVEL,Lower_level_HU__UNVEL
UNVEL_EXIDV,Handling_Unit__UNVEL_EXIDV
VBELN,Delivery__VBELN
VEMEH,UoM_of_HU_item__VEMEH
VEMNG,Packed_quantity__VEMNG
VENUM,Internal_HU_no__VENUM
VEPOS,HU_item__VEPOS
VFDAT,SLED_BBD__VFDAT
WERKS,Plant__WERKS
