﻿Field Name,Exported_Name
ACTIV,Transaction__ACTIV
AFABE,Deprec_area__AFABE
ALEBN,ALE_OrgDocNr__ALEBN
ANBWA,Trans_type__ANBWA
ANLN1,Asset__ANLN1
ANLN2,Sub_number__ANLN2
AUBEL,Sales_Document__AUBEL
AUFNR,Order__AUFNR
AUFPL,Plan_nofoper__AUFPL
AUPOS,Item__AUPOS
AUTOM,Auto_ID__AUTOM
AWORG,Referenc_orgun__AWORG
AWORG_REV,Rvrsl_org__AWORG_REV
AWREF_REV,Rvrsl_ref__AWREF_REV
AWSYS,Logical_system__AWSYS
AWTYP,Ref_procedure__AWTYP
BLART,Document_type__BLART
BLDAT,Document_Date__BLDAT
BUDAT,Posting_Date__BUDAT
BWART,Movement_type__BWART
BWKEY,Valuation_Area__BWKEY
BWTAR,Valuation_Type__BWTAR
CHARTACCTS,Chart_of_Accts__CHARTACCTS
CO_PRZNR,Business_Proc__CO_PRZNR
CPUDT,Entered_on__CPUDT
CPUTM,Entered_at__CPUTM
CREDIT,Total_credit_postgs__CREDIT
CURRUNIT,Currency__CURRUNIT
CURTYPE,Currency_type__CURTYPE
DABRZ,Reference_date__DABRZ
DEBIT,Total_debit_postngs__DEBIT
DOCCT,Document_Type__DOCCT
DOCLN,Document_line__DOCLN
DOCNR,Document_Number__DOCNR
DOCTY,Document_Type__DOCTY
EBELN,Purchasing_Doc__EBELN
EBELP,Item__EBELP
EPRCTR,Elimination_PrCtr__EPRCTR
ERKRS,Operating_concern__ERKRS
FISCPER,Fiscal_year_period__FISCPER
FISCVAR,Fiscal_year_variant__FISCVAR
FKART,Billing_Type__FKART
GRTYP,Key_fig_cat__GRTYP
GSBER,Business_Area__GSBER
HRKFT,Origin_group__HRKFT
IMKEY,Real_Estate_Key__IMKEY
KDAUF,Sales_Order__KDAUF
KDPOS,Sales_ord_item__KDPOS
KOKRS,CO_Area__KOKRS
KOSTL,Cost_Center__KOSTL
KSTRG,Cost_Object__KSTRG
KUNNR,Customer__KUNNR
LIFNR,Vendor__LIFNR
LOGSYS,Logical_System__LOGSYS
LSTAR,Activity_Type__LSTAR
MANDTHTG,Client__MANDTHTG
MATNR,Material__MATNR
OCLNT,Original_client__OCLNT
PAOBJNR,Profit_Segment__PAOBJNR
PASUBNR,Subnumber__PASUBNR
POPER,Posting_Period__POPER
POSNR,Item__POSNR
PS_POSID,WBS_element__PS_POSID
PS_PSP_PNR,WBS_Element__PS_PSP_PNR
QUANTITY,Consumption_qty__QUANTITY
QUANUNIT,Unit_of_Measure__QUANUNIT
RACCT,Account_Number__RACCT
RASSC,Trading_partner__RASSC
RBUKRS,Company_Code__RBUKRS
REFACTIV,Transaction__REFACTIV
REFDOCCT,Document_Type__REFDOCCT
REFDOCLN,Line_item__REFDOCLN
REFDOCNR,RefDocNo__REFDOCNR
REFRYEAR,Fiscal_Year__REFRYEAR
REP_MATNR,Rep_material__REP_MATNR
RFAREA,Functional_Area__RFAREA
RHOART,Origin_object__RHOART
RMVCT,Transactn_type__RMVCT
ROWX,Database_Rows__ROWX
RPRCTR,Profit_Center__RPRCTR
RRCTY,Record_Type__RRCTY
RSCOPE,Object_Class__RSCOPE
RTCUR,Currency__RTCUR
RTID,Runtime_ID__RTID
RVERS,Version__RVERS
RYEAR,Fiscal_Year__RYEAR
SBUKRS,Sender_co_code__SBUKRS
SFAREA,Partner_FArea__SFAREA
SGTXT,Text__SGTXT
SHOART,Receiver_object__SHOART
SPART,Division__SPART
SPRCTR,Partner_PC__SPRCTR
STAGR,Stat_key_fig__STAGR
STFLG,Reversal_doc__STFLG
STOKZ,Reversed__STOKZ
TIMESTAMP,Time_Stamp__TIMESTAMP
TURNOVER,Sales_of_the_per__TURNOVER
UPMOD,Record_Mode__UPMOD
USNAM,User_Name__USNAM
VALUETYPE,Value_Type__VALUETYPE
VALUT,Value_date__VALUT
VALUTYP,Valuation_View__VALUTYP
VBELN,Sales_Document__VBELN
VBUND,Trading_partner__VBUND
VERSA,RA_Version__VERSA
VKBUR,Sales_Office__VKBUR
VKGRP,Sales_Group__VKGRP
VKORG,Sales_Org__VKORG
VTWEG,Distr_Channel__VTWEG
WERKS,Plant__WERKS
WSDAT,Value_date__WSDAT
