﻿Field Name,Exported_Name
ABKRS,Payroll_area__ABKRS
ANCUR,Currency__ANCUR
ANSAL,Annual_salary__ANSAL
ANSVH,Work_contract__ANSVH
BEGDA,Start_Date__BEGDA
BSGRD,Caputillvl__BSGRD
BTRTL,Pers_subarea__BTRTL
BUKRS,Company_Code__BUKRS
EMPCT,Empl_%__EMPCT
ENDDA,End_Date__ENDDA
KOKRS,CO_area_of_MCCtr__KOKRS
KOSTL,Master_CCtr__KOSTL
MANDTHTG,Client__MANDTHTG
MOLGA,Ctry_Grouping__MOLGA
NCSDATE,Entry_Date__NCSDATE
ORGEH,Org_Unit__ORGEH
PERNR,Personnel_No__PERNR
PERSG,EE_group__PERSG
PERSK,EE_subgroup__PERSK
PLANS,Position__PLANS
RFPNR,Reference_Pers_Nos__RFPNR
ROWX,Database_Rows__ROWX
RTID,Runtime_ID__RTID
SLGRP,Pay_grade__SLGRP
SLLEV,Pay_grade_level__SLLEV
SLREG,Pay_grade_area__SLREG
SLTYP,Pay_grade_type__SLTYP
SNAME,Last_First_Name__SNAME
STAT2,Employment__STAT2
STELL,Job__STELL
TRFAR,Pscale_type__TRFAR
TRFGB,PS_Area__TRFGB
TRFGR,Pay_Scale_Group__TRFGR
TRFKZ,ESG_for_CAP__TRFKZ
TRFST,PS_level__TRFST
VDSK1,Orgkey__VDSK1
WERKS,Personnel_area__WERKS
