﻿Field Name,Exported_Name
AFABER,Deprec_area__AFABER
ANLN1,Asset__ANLN1
ANLN2,Sub_number__ANLN2
BUKRS,Company_Code__BUKRS
BW_AAFAB_T,UnplDepon_Trans__BW_AAFAB_T
BW_AAFAW_T,AccDep_Write_up__BW_AAFAW_T
BW_ANSBW_T,AcqValue_for_Trans__BW_ANSBW_T
BW_AUFBW_T,BW_AUFBW_T
BW_AUFNP_T,RevalOrd_DepTrns__BW_AUFNP_T
BW_AUFNW_T,Accdep_revaldep__BW_AUFNW_T
BW_AUWWW_T,Accdepon_revalAPC__BW_AUWWW_T
BW_INVBW_T,BW_INVBW_T
BW_INVZW_T,Accdepon_invsupp__BW_INVZW_T
BW_MAFAB_T,Transfof_Reserves__BW_MAFAB_T
BW_MAFAW_T,TrAccDep_Wr_up__BW_MAFAW_T
BW_NAFAB_T,Odep_on_trans__BW_NAFAB_T
BW_NAFAW_T,TrAccdep_wr_up_ord__BW_NAFAW_T
BW_SAFAB_T,Sdep_on_trans__BW_SAFAB_T
BW_SAFAW_T,TrAccdep_wr_up_sp__BW_SAFAW_T
BW_ZINSB_T,Int_on_trans__BW_ZINSB_T
BWASL,Trans_Type__BWASL
ERLBT,Retmt_revenue__ERLBT
FISCPER,Fiscal_year_period__FISCPER
GJAHR,Fiscal_Year__GJAHR
LNRAN,Sequence_Number__LNRAN
MANDTHTG,Client__MANDTHTG
MEHERL,Gain__MEHERL
MINERL,Loss__MINERL
PERIV,FiYear_Variant__PERIV
ROWX,Count__ROWX
RTID,Runtime_ID__RTID
VERKO,Ret_costs__VERKO
WAERS,Currency__WAERS
