﻿Field Name,Exported_Name
AFABER,Deprec_area__AFABER
ANLN1,Asset__ANLN1
ANLN2,Sub_number__ANLN2
BELNR,Document_Number__BELNR
BUKRS,Company_Code__BUKRS
BWASL,Trans_Type__BWASL
FISCPER,Fiscal_year_period__FISCPER
GJAHR,Fiscal_Year__GJAHR
LNRAN,Sequence_Number__LNRAN
MANDTHTG,Client__MANDTHTG
MEINS,Base_Unit__MEINS
MENGE,Quantity__MENGE
PERIV,FiYear_Variant__PERIV
RECORDTYPE,Record_Type__RECORDTYPE
ROWX,Count__ROWX
RTID,Runtime_ID__RTID
UPTOMAXPER,Cumulate_MaxPeriod__UPTOMAXPER
VALUE_C,Cumulative_Val__VALUE_C
VALUE_P,Period_Value__VALUE_P
VALUETYPE,Value_Type__VALUETYPE
WAERS,Currency__WAERS
