﻿Field Name,Exported_Name
ACTIV,Transaction__ACTIV
ADQUANTITY,Consumption_Qty__ADQUANTITY
ADQUANUNIT,Unit_of_Measure__ADQUANUNIT
AWTYP,Ref_procedure__AWTYP
BALANCE,Accumulated_bal__BALANCE
CHARTACCTS,Chart_of_Accts__CHARTACCTS
COST_ELEM,Cost_Element__COST_ELEM
CPUDT,Entered_on__CPUDT
CPUTM,Entered_at__CPUTM
CREDIT,Total_credit_postgs__CREDIT
CURRUNIT,Currency__CURRUNIT
CURTYPE,Currency_type__CURTYPE
DEBIT,Total_debit_postngs__DEBIT
FISCPER,Fiscal_year_period__FISCPER
FISCVAR,Fiscal_year_variant__FISCVAR
KOKRS,CO_Area__KOKRS
LOGSYS,Logical_System__LOGSYS
MANDTHTG,Client__MANDTHTG
PPRCTR,Partner_PC__PPRCTR
PRCTR,Profit_Center__PRCTR
PSEGMENT,Partner_Segment__PSEGMENT
QUANTITY,Consumption_Qty__QUANTITY
QUANUNIT,Unit_of_Measure__QUANUNIT
RACCT,Account_Number__RACCT
RASSC,Trading_partner__RASSC
RBUKRS,Company_Code__RBUKRS
RBUSA,Business_Area__RBUSA
RCNTR,Cost_Center__RCNTR
RFAREA,Functional_Area__RFAREA
RLDNR,Ledger__RLDNR
RMVCT,Transactn_type__RMVCT
ROWX,Count__ROWX
RRCTY,Record_Type__RRCTY
RTCUR,Currency__RTCUR
RTID,Runtime_ID__RTID
RUNIT,Base_Unit__RUNIT
RVERS,Version__RVERS
RYEAR,Fiscal_year__RYEAR
SBUSA,Trdg_partBA__SBUSA
SCNTR,Sender_cost_ctr__SCNTR
SEGMENT,Segment__SEGMENT
SFAREA,Partner_FArea__SFAREA
TIMESTAMP,Time_Stamp__TIMESTAMP
TURNOVER,Sales_of_the_per__TURNOVER
UPMOD,Record_Mode__UPMOD
VALUETYPE,Value_Type__VALUETYPE
VALUTYP,Valuation_View__VALUTYP
