﻿Field Name,Exported_Name
AFABER,Deprec_area__AFABER
ANLN1,Asset__ANLN1
ANLN2,Sub_number__ANLN2
BUDGET_PD,Budget_Period__BUDGET_PD
BUDGET_PD2,Budget_Period__BUDGET_PD2
BUKRS,Company_Code__BUKRS
BW_AAFAG_P,Per_Pstd_UnplDep__BW_AAFAG_P
BW_AUFNG_P,PstrevcumOdep__BW_AUFNG_P
BW_AUFWG_P,Reval_posted__BW_AUFWG_P
BW_KAAFA_P,PeriodAccUnplDep__BW_KAAFA_P
BW_KAUFN_P,CumrevalOdep__BW_KAUFN_P
BW_KAUFW_P,Cumrevalof_RV__BW_KAUFW_P
BW_KMAFA_P,Per_AcResTransfer__BW_KMAFA_P
BW_KNAFA_P,PerSt_AccOrdDep__BW_KNAFA_P
BW_KSAFA_P,Per_AccSpecDep__BW_KSAFA_P
BW_KZINS_P,Interest_posted__BW_KZINS_P
BW_MAFAG_P,PerPostTransRes__BW_MAFAG_P
BW_NAFAG_P,PerPstd_orddep__BW_NAFAG_P
BW_SAFAG_P,Per_Pstd_specdep__BW_SAFAG_P
BW_ZINSG_P,Interest_posted__BW_ZINSG_P
CAUFN,Int_order__CAUFN
EAUFN,Order__EAUFN
FISCPER,Fiscal_year_period__FISCPER
FISTL,Funds_center__FISTL
FISTL2,Funds_Center__FISTL2
FKBER,Functional_Area__FKBER
FKBER2,Functional_Area__FKBER2
GEBER,Fund__GEBER
GEBER2,Fund__GEBER2
GRANT_NBR,Grant__GRANT_NBR
GRANT_NBR2,Grant__GRANT_NBR2
IAUFN,Maintnce_order__IAUFN
IMKEY,Real_Estate_Key__IMKEY
KOKRS,CO_Area__KOKRS
KOSTL,Cost_Center__KOSTL
MANDTHTG,Client__MANDTHTG
PERIV,FiYear_Variant__PERIV
PRCTR,Profit_Center__PRCTR
PS_PSP_PNR,WBS_Element__PS_PSP_PNR
PS_PSP_PNR2,WBS_Element__PS_PSP_PNR2
ROWX,Count__ROWX
RTID,Runtime_ID__RTID
SEGMENT,Segment__SEGMENT
SIM,SIM
WAERS,Currency__WAERS
