﻿Field Name,Exported_Name
AUFNR,Order__AUFNR
AUGBL,Clrng_doc__AUGBL
AUGDT,Clearing__AUGDT
AWBUK,Reference_CC__AWBUK
AWGJA,Reference_Year__AWGJA
AWKEY,Object_key__AWKEY
AWKOK,Ref_Cont_Area__AWKOK
AWREF,Reference_doc__AWREF
AWTYP,Ref_procedure__AWTYP
BELNR,Document_number__BELNR
BKTXT,DocHeader_Text__BKTXT
BLART,Document_type__BLART
BLDAT,Document_Date__BLDAT
BSCHL,Posting_Key__BSCHL
BSTAT,Docstatus__BSTAT
BUDAT,Posting_Date__BUDAT
BUDGET_PD,Budget_Period__BUDGET_PD
BUKRS,Company_Code__BUKRS
BUZEI,Line_item__BUZEI
CPUDT,Entered_on__CPUDT
CURT2,LC2_currtype__CURT2
CURT3,LC3_currtype__CURT3
DMBE2,LC2_amount__DMBE2
DMBE3,LC3_amount__DMBE3
DMBTR,Amount_in_LC__DMBTR
DMHA2,Credit_Amt_LC2__DMHA2
DMHA3,Credit_Amt_LC3__DMHA3
DMHAB,Credit_amt_in_LC__DMHAB
DMSH2,D_C_Amt_in_LC2__DMSH2
DMSH3,D_C_Amt_LC3__DMSH3
DMSHB,Deb_credamount__DMSHB
DMSO2,Debit_Amt_LC2__DMSO2
DMSO3,Debit_Amt_LC3__DMSO3
DMSOL,Debit_amt_in_LC__DMSOL
FISCPER,Fiscal_year_period__FISCPER
FISCVAR,Fiscal_year_variant__FISCVAR
FISTL,Funds_center__FISTL
FKBER,Functional_Area__FKBER
GEBER,Fund__GEBER
GJAHR,Fiscal_Year__GJAHR
GLVOR,Bustransaction__GLVOR
GSBER,Business_Area__GSBER
HKONT,G_L__HKONT
HWAE2,Local_curr_2__HWAE2
HWAE3,Local_curr_3__HWAE3
KOART,Account_type__KOART
KOKRS,CO_Area__KOKRS
KOSTL,Cost_Center__KOSTL
KTOPL,Chart_of_Accts__KTOPL
KTOSL,Transaction__KTOSL
LCURR,Local_crcy__LCURR
MANDT,Client__MANDT
MANDTHTG,Client__MANDTHTG
MONAT,Period__MONAT
MWSKZ,Tax_Code__MWSKZ
PARGB,Trdg_partBA__PARGB
PERNR,Personnel_No__PERNR
PPRCT,Partner_PC__PPRCT
PRCTR,Profit_Center__PRCTR
PROJK,WBS_Element__PROJK
PS_POSID,WBS_element__PS_POSID
ROWX,Database_Rows__ROWX
RTID,Runtime_ID__RTID
SGTXT,Text__SGTXT
SHKZG,Debit_Credit__SHKZG
STATUSPS,Status_of_item__STATUSPS
UMSKZ,Special_G_L_ind__UMSKZ
UPDMOD,Record_Mode__UPDMOD
VALUT,Value_date__VALUT
VBUND,Trading_partner__VBUND
WAERS,Currency__WAERS
WERKS,Plant__WERKS
WRBTR,Amount__WRBTR
WRHAB,Credit_amt_in_DC__WRHAB
WRSHB,Amount_in_FC__WRSHB
WRSOL,Debit_amt_in_DC__WRSOL
XBLNR,Reference__XBLNR
XNEGP,Negative_pstng__XNEGP
XREF3,Reference_key_3__XREF3
ZUONR,Assignment__ZUONR
