﻿Field Name,Exported_Name
AUGBL,Clrng_doc__AUGBL
AUGDT,Clearing__AUGDT
AWKEY,Object_key__AWKEY
AWTYP,Ref_procedure__AWTYP
BELNR,Document_number__BELNR
BLART,Document_type__BLART
BLDAT,Document_Date__BLDAT
BSCHL,Posting_Key__BSCHL
BSTAT,Docstatus__BSTAT
BUDAT,Posting_Date__BUDAT
BUKRS,Company_Code__BUKRS
BUZEI,Line_item__BUZEI
CPUDT,Entered_on__CPUDT
DMBE2,LC2_amount__DMBE2
DMBE3,LC3_amount__DMBE3
DMBTR,Amount_in_LC__DMBTR
DMHAB,Credit_amt_in_LC__DMHAB
DMSHB,Deb_credamount__DMSHB
DMSOL,Debit_amt_in_LC__DMSOL
FILKD,Branch__FILKD
FISCPER,Fiscal_year_period__FISCPER
FISCVAR,Fiscal_year_variant__FISCVAR
GJAHR,Fiscal_Year__GJAHR
HKONT,G_L__HKONT
HWAE2,Local_curr_2__HWAE2
HWAE3,Local_curr_3__HWAE3
KKBER,CredContrArea__KKBER
KOART,Account_type__KOART
KTOPL,Chart_of_Accts__KTOPL
LAND1,Country__LAND1
LCURR,Local_crcy__LCURR
LIFNR,Vendor__LIFNR
MABER,Dunning_Area__MABER
MADAT,Last_Dunned__MADAT
MANDTHTG,Client__MANDTHTG
MANSP,Dunn_Block__MANSP
MANST,Dunning_level__MANST
MONAT,Period__MONAT
MSCHL,Dunning_key__MSCHL
NETDT,Due_on__NETDT
PROJK,WBS_Element__PROJK
REBZG,Invoice_ref__REBZG
REBZJ,Fiscal_year__REBZJ
REBZZ,Line_item__REBZZ
ROWX,Database_Rows__ROWX
RSTGR,Reason_code__RSTGR
RTID,Runtime_ID__RTID
SAKNR,G_L_Account__SAKNR
SGTXT,Text__SGTXT
SHKZG,Debit_Credit__SHKZG
SK1DT,CDT_due_date__SK1DT
SK2DT,CDT2_due_date__SK2DT
SKFBT,Disc_base__SKFBT
SKNTO,Discount_Amt__SKNTO
STATUSPS,Status_of_item__STATUSPS
UMSKS,Transacttype__UMSKS
UMSKZ,Special_G_L_ind__UMSKZ
UPDMOD,Record_Mode__UPDMOD
UPOSZ,Subitem__UPOSZ
VBELN,Sales_Document__VBELN
WAERS,Currency__WAERS
WRBTR,Amount__WRBTR
WRHAB,Credit_amt_in_DC__WRHAB
WRSHB,Amount_in_FC__WRSHB
WRSOL,Debit_amt_in_DC__WRSOL
WSKTO,Disc_Amount__WSKTO
XARCH,Archive__XARCH
XBLNR,Reference__XBLNR
XNEGP,Negative_pstng__XNEGP
XREF1,Reference_Key_1__XREF1
XREF2,Reference_Key_2__XREF2
XREF3,Reference_key_3__XREF3
ZBD1P,Cash_discount_1__ZBD1P
ZBD1T,Days__ZBD1T
ZBD2P,Cash_discount_2__ZBD2P
ZBD2T,Days__ZBD2T
ZBD3T,Days_net__ZBD3T
ZFBDT,Baseline_date__ZFBDT
ZLSCH,Pymt_method__ZLSCH
ZLSPR,Pmnt_block__ZLSPR
ZTERM,Payt_terms__ZTERM
ZUONR,Assignment__ZUONR
