﻿Field Name,Exported_Name
BUKRS,Company_Code__BUKRS
CURRENCY,Currency__CURRENCY
CURTYPE,Currency_type__CURTYPE
FISCPER,Fiscal_year_period__FISCPER
FISCVAR,Fiscal_year_variant__FISCVAR
G_L_CURRCY,Currency_G_L__G_L_CURRCY
GSBER,Business_Area__GSBER
KTOPL,Chart_of_Accts__KTOPL
KUMSL,Accumulated_bal__KUMSL
MANDTHTG,Client__MANDTHTG
ROWX,Database_Rows__ROWX
RTID,Runtime_ID__RTID
SAKNR,G_L_Account__SAKNR
SHKZG,Debit_Credit__SHKZG
UMHAB,Total_credit_postgs__UMHAB
UMSOL,Total_debit_postngs__UMSOL
UPDMOD,Record_Mode__UPDMOD
VERSN,Version__VERSN
WRTTP,Value_Type__WRTTP
