﻿Field Name,Exported_Name
ABSBT,Hedged_amount__ABSBT
AGZEI,Clearing_item__AGZEI
ANLN1,Asset__ANLN1
ANLN2,Asset_Subnumber__ANLN2
ASKTO,Currcash_disc__ASKTO
AUFNR,Order__AUFNR
AUGBL,Clrng_doc__AUGBL
AUGDT,Clearing__AUGDT
AUGGJ,Clrg_Fiscal_Yr__AUGGJ
AWKEY,Object_key__AWKEY
AWSYS,Logical_System__AWSYS
AWTYP,Ref_procedure__AWTYP
BDIF2,Valuation_diff_2__BDIF2
BDIF3,Valuation_diff_3__BDIF3
BDIFF,Valuation_diff__BDIFF
BELNR,Document_Number__BELNR
BEWAR,Transactn_type__BEWAR
BLART,Document_type__BLART
BLDAT,Document_Date__BLDAT
BSCHL,Posting_Key__BSCHL
BSTAT,Docstatus__BSTAT
BUDAT,Posting_Date__BUDAT
BUDGET_PD,Budget_Period__BUDGET_PD
BUKRS,Company_Code__BUKRS
BUPLA,Business_place__BUPLA
BUZEI,Line_item__BUZEI
BUZID,Line_item_ID__BUZID
BWWR2,Valamt_loccurr2__BWWR2
BWWR3,Valamt_loccurr3__BWWR3
BWWRT,Valuated_amount__BWWRT
CCBTC,Settlement__CCBTC
CESSION_KZ,AR_Pledging_Ind__CESSION_KZ
CPUDT,Entered_on__CPUDT
CURT2,LC2_currtype__CURT2
CURT3,LC3_currtype__CURT3
DABRZ,Reference_date__DABRZ
DMBE2,Amt_loccurr2__DMBE2
DMBE3,Amt_loc_curr3__DMBE3
DMBTR,Amount_in_LC__DMBTR
DMHA2,Credit_Amt_LC2__DMHA2
DMHA3,Credit_Amt_LC3__DMHA3
DMHAB,Credit_amt_in_LC__DMHAB
DMSH2,D_C_Amt_in_LC2__DMSH2
DMSH3,D_C_Amt_LC3__DMSH3
DMSHB,Amt_in_loccur__DMSHB
DMSO2,Debit_Amt_LC2__DMSO2
DMSO3,Debit_Amt_LC3__DMSO3
DMSOL,Debit_amt_in_LC__DMSOL
DOCLN,G_L_Item__DOCLN
DOCNR,Doc_No_G_L__DOCNR
DTWS1,Instruction_1__DTWS1
DTWS2,Instruction_2__DTWS2
DTWS3,Instruction_3__DTWS3
DTWS4,Instruction_4__DTWS4
EBELN,Purchasing_Doc__EBELN
EBELP,Item__EBELP
ETEN2,Schedule_Line__ETEN2
FAEDT,Net_due_date__FAEDT
FIKRS,FM_Area__FIKRS
FILKD,Branch__FILKD
FISCPER,Fiscal_year_period__FISCPER
FISCVAR,Fiscal_year_variant__FISCVAR
FKBER,Functional_Area__FKBER
FKBER_LONG,Functional_Area__FKBER_LONG
GEBER,Fund__GEBER
GJAHR,Fiscal_Year__GJAHR
GKART,Offstacct_type__GKART
GKONT,Offsetting_acct__GKONT
GLVOR,Bustransaction__GLVOR
GRANT_NBR,Grant__GRANT_NBR
GSBER,Business_Area__GSBER
HKONT,G_L__HKONT
HWAE2,Local_curr_2__HWAE2
HWAE3,Local_curr_3__HWAE3
HWAER,Local_Currency__HWAER
IMKEY,Real_Estate_Key__IMKEY
JAMON,Year_month__JAMON
KIDNO,Payment_Ref__KIDNO
KKBER,CredContrArea__KKBER
KKBWR,Crctrl_curr__KKBWR
KOART,Account_type__KOART
KOKRS,CO_Area__KOKRS
KONTO,Account__KONTO
KOSTL,Cost_Center__KOSTL
KSTAR,Cost_Element__KSTAR
KTOPL,Chart_of_Accts__KTOPL
KUNNR,Customer__KUNNR
KURSE,Effexchrate__KURSE
LDGRP,Ledger_Group__LDGRP
LIFNR,Vendor__LIFNR
LONGNUM,Smart_Number__LONGNUM
MABER,Dunning_Area__MABER
MADAT,Last_Dunned__MADAT
MANDT,Client__MANDT
MANDTHTG,Client__MANDTHTG
MANSP,Dunn_Block__MANSP
MANST,Dunning_Level__MANST
MEINS,Base_Unit__MEINS
MENGE,Quantity__MENGE
MONAT,Period__MONAT
MSCHL,Dunning_key__MSCHL
MWART,Tax_type__MWART
MWSKZ,Tax_Code__MWSKZ
PARGB,Trdg_partBA__PARGB
PBUDGET_PD,Par_BudPer__PBUDGET_PD
PERIO,Period_year__PERIO
PFKBER,Partner_FArea__PFKBER
PGEBER,Partner_Fund__PGEBER
PGRANT_NBR,Partner_Grant__PGRANT_NBR
PKOSTL,Partner_cst_ctr__PKOSTL
POPER,Posting_Period__POPER
POSN2,Item__POSN2
PPRCT,Partner_PC__PPRCT
PRCTR,Profit_Center__PRCTR
PROJK,WBS_element__PROJK
PS_POSID,WBS_element__PS_POSID
PS_PSP_PNR,WBS_Element__PS_PSP_PNR
PSEGMENT,Partner_Segment__PSEGMENT
PSWBT,General_ledger_amt__PSWBT
PSWSL,G_L_currency__PSWSL
PYAMT,Amt_in_pyt_cur__PYAMT
PYCUR,Payment_cur__PYCUR
PYORD,Payment_order__PYORD
QBSHB,Wit_tax_amount__QBSHB
QSFBT,W_tax_exempt_amt__QSFBT
QSSHB,W_tax_base_amount__QSSHB
REBZG,Invoice_ref__REBZG
REBZT,REBZT
RFISCPER,Fiscal_year_period__RFISCPER
RFISCVAR,Fiscal_year_variant__RFISCVAR
RFZEI,Pmnt_card_item__RFZEI
RLDNR,Ledger__RLDNR
ROWX,Database_Rows__ROWX
RRCTY,Record_Type__RRCTY
RSTGR,Reason_code__RSTGR
RTID,Runtime_ID__RTID
RVERS,Version__RVERS
RYEAR,G_L_Fiscal_Year__RYEAR
SAKNR,G_L_Account__SAKNR
SAMNR,Collectinv__SAMNR
SECCO,Section_Code__SECCO
SEGMENT,Segment__SEGMENT
SGTXT,Text__SGTXT
SHKZG,Debit_Credit__SHKZG
SKFBT,Discount_base__SKFBT
SKNTO,Cash_disc_amt_LC__SKNTO
STAKZ,Noted_items__STAKZ
TIMESTAMP,Time_Stamp__TIMESTAMP
UMSKS,Transacttype__UMSKS
UMSKZ,Special_G_L_ind__UMSKZ
UPMOD,Record_Mode__UPMOD
UZAWE,Pmt_methsupl__UZAWE
VALUT,Value_date__VALUT
VBEL2,Sales_Document__VBEL2
VBELN,Billing_Doc__VBELN
VBEWA,Flow_Type__VBEWA
VBUND,Trading_partner__VBUND
VERTN,Contract_Number__VERTN
VERTT,Contract_Type__VERTT
VERZ1,Disc1_arrears__VERZ1
VERZN,Net_arrears__VERZN
WAERS,Currency__WAERS
WERKS,Plant__WERKS
WRBTR,Amount__WRBTR
WRHAB,Credit_amt_in_DC__WRHAB
WRSHB,Amount_in_DC__WRSHB
WRSOL,Debit_amt_in_DC__WRSOL
WSKTO,Discount_amount__WSKTO
WVERW,Usage__WVERW
XARCH,Archive__XARCH
XAUGP,Cleared__XAUGP
XBLNR,Reference__XBLNR
XLGCLR,LdgrGrp_SpecClearing__XLGCLR
XNEGP,Negative_pstng__XNEGP
XOPVW,OI_Management__XOPVW
XPYPR,Payment_sent__XPYPR
XRAGL,XRAGL
XREF1,Reference_Key_1__XREF1
XREF2,Reference_Key_2__XREF2
XREF3,Reference_key_3__XREF3
XREORG,Reorganized__XREORG
XSTRP,Disputed__XSTRP
XZAHL,Pymt_Tran__XZAHL
ZALDT,Payment_date__ZALDT
ZBD1P,Discpercent_1__ZBD1P
ZBD1T,Days_1__ZBD1T
ZBD2P,Discpercent_2__ZBD2P
ZBD2T,Days_2__ZBD2T
ZBD3T,Days_Net__ZBD3T
ZBFIX,Fixed__ZBFIX
ZFBDT,Baseline_Date__ZFBDT
ZINSZ,Intcalcnum__ZINSZ
ZLSCH,Pymt_Meth__ZLSCH
ZLSPR,Pmnt_Block__ZLSPR
ZTERM,Payt_Terms__ZTERM
ZUONR,Assignment__ZUONR
ZZBUSPARTN,Business_part__ZZBUSPARTN
ZZCHAN,Dist_channel__ZZCHAN
ZZLOB,BUSINESS_LINE__ZZLOB
ZZLOCA,City__ZZLOCA
ZZPRODUCT,Product_group__ZZPRODUCT
ZZREGION,Location__ZZREGION
ZZSPREG,Special_Region__ZZSPREG
ZZSTATE,State_Prov__ZZSTATE
ZZUSERFLD1,Territory__ZZUSERFLD1
ZZUSERFLD2,Ownr_Cntr__ZZUSERFLD2
ZZUSERFLD3,Vein__ZZUSERFLD3
