﻿Field Name,Exported_Name
AWKEY,Object_key__AWKEY
AWTYP,Ref_procedure__AWTYP
BELNR,Document_number__BELNR
BLART,Document_type__BLART
BLDAT,Document_Date__BLDAT
BUDAT,Posting_Date__BUDAT
BUKRS,Company_Code__BUKRS
BUZEI,Line_item__BUZEI
CPUDT,Entered_on__CPUDT
EGRKZ,EU_Code__Code__EGRKZ
FISCPER,Fiscal_year_period__FISCPER
FISCVAR,Fiscal_year_variant__FISCVAR
FWBAS,Base_amount__FWBAS
FWSTE,Amount__FWSTE
GJAHR,Fiscal_Year__GJAHR
HKONT,G_L__HKONT
HWBAS,LC_base_amnt__HWBAS
HWSTE,LC_tax__HWSTE
KBETR,Amount__KBETR
KONWA,Cond_currency__KONWA
KTOPL,Chart_of_Accts__KTOPL
KTOSL,Transaction__KTOSL
KUNNR,Customer__KUNNR
LIFNR,Vendor__LIFNR
LOHNIND,Indicator__LOHNIND
LSTML,Reporting_cntry__LSTML
LWBAS,Base_amount__LWBAS
LWSTE,Cntry_currtax__LWSTE
MANDT,Client__MANDT
MANDTHTG,Client__MANDTHTG
MARK_NAF,Sel_Non_Ded__MARK_NAF
MLDWAER,Currency__MLDWAER
MONAT,Period__MONAT
MWSKZ,Tax_Code__MWSKZ
PSATZ,Percent__PSATZ
ROWX,Database_Rows__ROWX
RTID,Runtime_ID__RTID
SHKZG,Debit_Credit__SHKZG
STCEG,VAT_Reg_No__STCEG
STMELDETYP,Contrl_Msg_Type__STMELDETYP
TKONT,G_L__TKONT
UMKRS,Tax_group__UMKRS
VATTAXGROUP,Tx_group_no__VATTAXGROUP
WAERS,Currency__WAERS
XBLNR,Reference__XBLNR
XEGDR,EU_triang_deal__XEGDR
