﻿Field Name,Exported_Name
BILKT,Group_account_number__BILKT
ERDAT,Created_on__ERDAT
ERNAM,Created_by__ERNAM
FUNC_AREA,Functional_Area__FUNC_AREA
GVTYP,P_AND_L_state_acct__GVTYP
KTOKS,Account_Group__KTOKS
KTOPL,Chart_of_Accts__KTOPL
MANDT,Client__MANDT
MANDTHTG,Client__MANDTHTG
MUSTR,Sample_account__MUSTR
ROWX,Database_Rows__ROWX
RTID,Runtime_ID__RTID
SAKAN,G_L_account__SAKAN
SAKNR,G_L_Account__SAKNR
VBUND,Trading_partner__VBUND
XBILK,Balance_sheet_acct__XBILK
XLOEV,Deletion_Flag__XLOEV
XSPEA,Creation_block__XSPEA
XSPEB,Posting_Block__XSPEB
XSPEP,Planning_block__XSPEP
