﻿Field Name,Exported_Name
ALTKT,Altern_Account__ALTKT
BEGRU,Authorization__BEGRU
BEWGP,Valuation_grp__BEWGP
BILKT,Account_to__BILKT
BUKRS,Company_Code__BUKRS
BUSAB,Clerk_Abbrev__BUSAB
DATLZ,Last_intcalc__DATLZ
ERDAT,Created_on__ERDAT
ERGHB,Credit_item_key__ERGHB
ERGSO,Debit_item_key__ERGSO
ERNAM,Created_by__ERNAM
FDGRV,Planning_group__FDGRV
FDLEV,Planning_Level__FDLEV
FIPLS,Finbudget__FIPLS
FIPOS,Commitment_item__FIPOS
FSTAG,Field_status_gp__FSTAG
HBKID,House_bank__HBKID
HKTID,Account_ID__HKTID
INFKY,Inflation_key__INFKY
KDFSL,E_R_diff_key__KDFSL
KTOPL,Chart_of_Accts__KTOPL
MANDT,Client__MANDT
MANDTHTG,Client__MANDTHTG
MCAKEY,MCA_Key__MCAKEY
MITKZ,ReconcilID__MITKZ
MWSKZ,Tax_category__MWSKZ
RECID,Recovery_Indic__RECID
ROWX,Database_Rows__ROWX
RTID,Runtime_ID__RTID
SAKNR,G_L_Account__SAKNR
SKVZNZKP,Nonassigned_ChtAccts__SKVZNZKP
STEXT,G_L_acct_text__STEXT
TOGRU,Tolerance_group__TOGRU
VERSN,FinStmt_Vers__VERSN
VONKT,Account_from__VONKT
VZSKZ,Interest_indic__VZSKZ
WAERS,Acct_currency__WAERS
WMETH,Account_Extern__WMETH
XGKON,Relcash_flow__XGKON
XINTB,Auto_Posting__XINTB
XKRES,Line_Items__XKRES
XLGCLR,LdgrGrp_SpecClearing__XLGCLR
XLOEB,Deletion_Flag__XLOEB
XMITK,Recact_ready__XMITK
XMWNO,Pstg_w_o_tax_allowed__XMWNO
XNKON,Supplement__XNKON
XOPVW,OI_Management__XOPVW
XSALH,Balances_in_LC__XSALH
XSPEB,Posting_Block__XSPEB
XVERD,Group_balance__XVERD
ZINDT,Last_Key_Date__ZINDT
ZINRT,IntCalcFreq__ZINRT
ZUAWA,Sort_key__ZUAWA
