﻿Field Name,Exported_Name
AMOUNT,Amount__AMOUNT
BUDGET_PD,Budget_Period__BUDGET_PD
CALMONTH,Cal_year__month__CALMONTH
CO_AREA,CO_Area__CO_AREA
CO_INFO,CO_Acc_Assignm__CO_INFO
COMP_CODE,Company_Code__COMP_CODE
COORDER,Order__COORDER
COSTCENTER,Cost_Center__COSTCENTER
CP_EMPLOYEE,Personnel_No__CP_EMPLOYEE
CP_JOB,Object_ID__CP_JOB
CP_ORGUNIT,Object_ID__CP_ORGUNIT
CP_POSITIO,Object_ID__CP_POSITIO
CP_REFPOS,Object_ID__CP_REFPOS
CURRENCY,Currency__CURRENCY
FM_AREA,FM_Area__FM_AREA
FUNC_AREA,Functional_Area__FUNC_AREA
FUND,Fund__FUND
GRANT_NBR,Grant__GRANT_NBR
HCP_CITEM,Cost_Item__HCP_CITEM
HCP_NUMB,Number__HCP_NUMB
HCP_ORGA,Object_ID__HCP_ORGA
HCP_PLAN,Cost_plan__HCP_PLAN
MANDTHTG,Client__MANDTHTG
PLVAR,Plan_version__PLVAR
QUANTITY,Number__QUANTITY
ROWX,Database_Rows__ROWX
RTID,Runtime_ID__RTID
SYMB_ACCNT,Symbolic_acc__SYMB_ACCNT
UNIT,Int_Meas_Unit__UNIT
WBS_ELEMT,WBS_element__WBS_ELEMT
