﻿Field Name,Exported_Name
AGE_RANGE,Age_Range__AGE_RANGE
AGE_YRS,Age_in_Years__AGE_YRS
AGE_YRS_KF,Age_in_Years__AGE_YRS_KF
BSGRD,Caputillvl__BSGRD
CALDAY,Calendar_day__CALDAY
CALMONTH,Cal_year__month__CALMONTH
CALYEAR,Calendar_year__CALYEAR
CAREER_LVL,Level__CAREER_LVL
CAREERTYPE,Career_Type__CAREERTYPE
CENTRALPERSON,Central_Person__CENTRALPERSON
COUNTER,Counter__COUNTER
EMPCT,Empl_%__EMPCT
FULLTIME_7,Full_Time__FULLTIME_7
FULLTIME_8,Full_Time__FULLTIME_8
JOBTENURE,Job_Tenure__JOBTENURE
JOBTENURE_KF,Job_Tenure__JOBTENURE_KF
LOS,Length_of_Service__LOS
LOS_YEAR,Length_of_Service__LOS_YEAR
LOS_YEAR_KF,Length_of_Service__LOS_YEAR_KF
MANAGER,Manager_ID__MANAGER
MANDTHTG,Client__MANDTHTG
NOM_STATUS,Nomination_Status__NOM_STATUS
ORGTENURE,Organization_Tenure__ORGTENURE
ORGTENURE_KF,Organization_Tenure__ORGTENURE_KF
PERNR,Personnel_No__PERNR
PLANS,Position__PLANS
POSTENURE,Position_Tenure__POSTENURE
POSTENURE_KF,Position_Tenure__POSTENURE_KF
ROWX,Database_Rows__ROWX
RTID,Runtime_ID__RTID
STAT2,Employment__STAT2
STELL,Job__STELL
TALENTGRP,Talent_Group__TALENTGRP
