﻿Field Name,Exported_Name
AGE_RANGE,Age_Range__AGE_RANGE
AGE_YRS,Age_in_Years__AGE_YRS
AWART,Att_abs_type__AWART
CALDAY,Calendar_day__CALDAY
DQUOTA_BEGDA,Deduction_from__DQUOTA_BEGDA
DQUOTA_ENDDA,Deduction_to__DQUOTA_ENDDA
ENTITLE,Entitlmt__ENTITLE
KTART,Quota_type__KTART
LAPSED,Forfeited__LAPSED
LOS,Length_of_Service__LOS
MANAGER_ORGEH,Personnel_No__MANAGER_ORGEH
MANDTHTG,Client__MANDTHTG
MOABW,PS_grouping__MOABW
MOPGK,ES_grouping__MOPGK
MOZKO,PS_Grouping__MOZKO
ORGEH,Org_Unit__ORGEH
PERNR,Personnel_No__PERNR
PERSONID,Personnel_No__PERSONID
PLANNED,Planned__PLANNED
PLANS,Position__PLANS
QUOTA_CAT,Quota_Category__QUOTA_CAT
QUOTT,ReportingQType__QUOTT
REPAYED,Compensated__REPAYED
ROWX,Database_Rows__ROWX
RTID,Runtime_ID__RTID
TAKEN,Used__TAKEN
TALENTGRP,Talent_Group__TALENTGRP
TIME_STATUS,Time_Mgt_status__TIME_STATUS
UNIT,Unit_of_Measure__UNIT
UNUSED,Unused__UNUSED
VAWART_BEGDA,Att_Abs_Start_Date__VAWART_BEGDA
VAWART_ENDDA,Att_Abs_End_Date__VAWART_ENDDA
VQUOTA_BEGDA,Start_Date__VQUOTA_BEGDA
VQUOTA_ENDDA,End_Date__VQUOTA_ENDDA
