﻿Field Name,Exported_Name
AGE_RANGE,Age_Range__AGE_RANGE
AGE_YRS,Age_in_Years__AGE_YRS
CALDAY,Calendar_day__CALDAY
CALMONTH,Cal_year__month__CALMONTH
DUR_ACTUAL,Actual_time__DUR_ACTUAL
DUR_VALUE,Acct_relevant_time__DUR_VALUE
LOS,Length_of_Service__LOS
MANAGER_ORGEH,Personnel_No__MANAGER_ORGEH
MANDTHTG,Client__MANDTHTG
MOFID,Holiday_Cal_ID__MOFID
MOSID,PS_grouping__MOSID
OBSOLETE,Data_Obsolete__OBSOLETE
ORGEH,Org_Unit__ORGEH
PERNR,Personnel_No__PERNR
PERSONID,Personnel_No__PERSONID
PLANS,Position__PLANS
REPTT,RptgTmType__REPTT
ROWX,Database_Rows__ROWX
RTID,Runtime_ID__RTID
SCHKZ,WS_rule__SCHKZ
TALENTGRP,Talent_Group__TALENTGRP
TIME_STATUS,Time_Mgt_status__TIME_STATUS
UNIT,Unit_of_Measure__UNIT
ZEITY,ES_grouping__ZEITY
