﻿Field Name,Exported_Name
BANKL,Bank_Key__BANKL
BANKN,Bank_Account__BANKN
BANKS,Bank_Country__BANKS
BKONT,Control_key__BKONT
BRANCH,Business_Place__BRANCH
BUKRS,Company_Code__BUKRS
DOCNUM,Document_Number__DOCNUM
DTAMS,DME_indicator__DTAMS
DTAWS,Instruction_key__DTAWS
EMPFG,Pmnt_recipient__EMPFG
J_1BMUNINS,Munic_Tax_No__J_1BMUNINS
J_1BSTAINS,State_Tax_No__J_1BSTAINS
LAND1,Country__LAND1
MANDT,Client__MANDT
MANDTHTG,Client__MANDTHTG
NAME1,Name__NAME1
NAME2,Name_2__NAME2
NAME3,Name_3__NAME3
NAME4,Name_4__NAME4
ORT01,City__ORT01
PARVW,NF_partnfunct__PARVW
PFACH,PO_Box__PFACH
PSKTO,Post_bank_no__PSKTO
PSTDAT,Posting_date__PSTDAT
PSTL2,PO_Box_PCode__PSTL2
PSTLZ,Postal_Code__PSTLZ
REGIO,Region__REGIO
ROWX,Database_Rows__ROWX
RTID,Runtime_ID__RTID
SPRAS,Language__SPRAS
STCD1,Tax_Number_1__STCD1
STCD2,Tax_Number_2__STCD2
STKZA,Equalizatn_tax__STKZA
STKZN,Natural_person__STKZN
STKZU,Liable_for_VAT__STKZU
STRAS,Street__STRAS
XCPDK,One_time_acct__XCPDK
