﻿Field Name,Exported_Name
ABCIN,CC_phys_inv__ABCIN
ABFAC,Air_Buoy_Fact__ABFAC
ALTSL,SelectionMethod__ALTSL
APLAL,Group_Counter__APLAL
ATPKZ,Replacemt_part__ATPKZ
AUFTL,Splitting_ind__AUFTL
AUSDT,Eff_out_date__AUSDT
AUSME,Unit_of_issue__AUSME
AUSSS,Assembly_scrap__AUSSS
AUTRU,Automreset__AUTRU
AWSLS,Variance_key__AWSLS
BASMG,Base_quantity__BASMG
BEARZ,Processing_time__BEARZ
BESKZ,Procurement__BESKZ
BSTFE,Fixed_lot_size__BSTFE
BSTMA,Max_Lot_Size__BSTMA
BSTMI,Min_Lot_Size__BSTMI
BSTRF,Rounding_value__BSTRF
BWSCL,Supply_source__BWSCL
BWTTY,Valuation_Cat__BWTTY
CCFIX,CC_ind_fixed__CCFIX
COPAM,Field_name__COPAM
CUOBJ,Int_object_no__CUOBJ
CUOBV,Int_object_no__CUOBV
DISGR,MRP_group__DISGR
DISLS,Lot_size__DISLS
DISMM,MRP_Type__DISMM
DISPO,MRP_Controller__DISPO
DISPR,MRP_profile__DISPR
DZEIT,InhseProdTime__DZEIT
EISBE,Safety_stock__EISBE
EKGRP,Purch_Group__EKGRP
EPRIO,WithdrSeqGrp__EPRIO
EXPME,Comm_code_unit__EXPME
FEVOR,Prodn_Superv__FEVOR
FFREI,Autom_release__FFREI
FHORI,SchedMargin_key__FHORI
FRTME,Production_unit__FRTME
FXHOR,Plng_time_fence__FXHOR
GPMKZ,Rough_Cut_Plng__GPMKZ
HERBL,State_of_manufac__HERBL
HERKL,Ctry_of_origin__HERKL
HERKR,Reg_of_origin__HERKR
INSMK,Stock_Type__INSMK
ITARK,Military_goods__ITARK
KAUSF,Component_Scrap__KAUSF
KAUTB,Autom_PO__KAUTB
KOKRS,CO_Area__KOKRS
KORDB,Source_list__KORDB
KZAUS,Discontin_ind__KZAUS
KZBED,Reqmts_grouping__KZBED
KZDIE,MRPCtrllr=buyer__KZDIE
KZDKZ,Doc_required__KZDKZ
KZECH,Enter_batch__KZECH
KZKFK,Corr_factors__KZKFK
KZKRI,Critical_Part__KZKRI
KZKUP,Co_product__KZKUP
KZPPV,Insp_plan_ind__KZPPV
KZPRO,Withdfmprbin__KZPRO
LADGR,Loading_Group__LADGR
LAGPR,Storage_costs__LAGPR
LFRHY,Planning_cycle__LFRHY
LGFSB,Stor_loc_EP__LGFSB
LGPRO,Prod_StorLoc__LGPRO
LGRAD,Service_level__LGRAD
LIZYK,Delivery_cycle__LIZYK
LOSFX,Ordering_costs__LOSFX
LOSGR,Cstg_Lot_Size__LOSGR
LVORM,DF_plant_level__LVORM
LZEIH,Time_unit__LZEIH
MAABC,ABC_Indicator__MAABC
MABST,Maxstock_level__MABST
MANDT,Client__MANDT
MANDTHTG,Client__MANDTHTG
MATNR,Material__MATNR
MAXLZ,Max_Storage__MAXLZ
MDACH,Action_control__MDACH
MINBE,Reorder_Point__MINBE
MISKZ,Mixed_MRP__MISKZ
MMSTA,P_S_matl_status__MMSTA
MMSTD,Valid_from__MMSTD
MPDAU,Mean_insp_dur__MPDAU
MRPPP,Plng_calendar__MRPPP
MTVER,Exp_imp_group__MTVER
MTVFP,Avail_check__MTVFP
NFMAT,Follow_Up_Matl__NFMAT
NKMPR,Next_inspection__NKMPR
OBJID,Object_ID__OBJID
OTYPE,Object_type__OTYPE
PERIV,FiYear_Variant__PERIV
PERKZ,Period_Ind__PERKZ
PFREI,Autom_fix_pl_ords__PFREI
PLIFZ,Pl_Deliv_Time__PLIFZ
PLNNR,Group__PLNNR
PLNTY,Task_List_Type__PLNTY
PLVAR,Plan_version__PLVAR
PRCTR,Profit_Center__PRCTR
PREFE,Preference__PREFE
PRENC,Exemption_cert__PRENC
PREND,Issdate_of_crt__PREND
PRENE,Vendor_decl__PRENE
PRENG,Vdr_decl_date__PRENG
PRENO,Exemptcertno__PRENO
PRFRQ,Insp_interval__PRFRQ
PSTAT,Maint_status__PSTAT
QMATA,QM_mat_auth__QMATA
QMATV,Insp_setup__QMATV
QSSYS,Target_QM_sys__QSSYS
QUAZT,Quarantine__QUAZT
QZGTP,CertificateType__QZGTP
RDPRF,Rnding_Profile__RDPRF
RESVP,Adjustmt_period__RESVP
RGEKZ,Backflush__RGEKZ
ROWX,Database_Rows__ROWX
RTID,Runtime_ID__RTID
RUEZT,Setup_time__RUEZT
RWPRO,Coverage_prof__RWPRO
SAUFT,Repetitive_mfg__SAUFT
SBDKZ,Indiv_coll__SBDKZ
SCHGT,Bulk_material__SCHGT
SERNP,SerialNoProfile__SERNP
SERVG,Service_level__SERVG
SFCPF,ProdProfile__SFCPF
SFEPR,REM_profile__SFEPR
SHFLG,Safety_time_ind__SHFLG
SHZET,Safety_time__SHZET
SOBSK,SpecProcType__SOBSK
SOBSL,SpecProcurement__SOBSL
SPROZ,Sample_%__SPROZ
SSQSS,QM_Control_Key__SSQSS
STAWN,Comm_imp_code__STAWN
STDPD,Confble_matl__STDPD
STLAL,Alternative__STLAL
STLAN,Usage__STLAN
STRGR,Strategy_Group__STRGR
TAKZT,Takt_time__TAKZT
TRAME,Stk_in_Transit__TRAME
TRANZ,Interoperation__TRANZ
UEETK,Unlimited__UEETK
UEETO,Overdely_tol__UEETO
UMLMC,Stock_in_tfr__UMLMC
UMRSL,Conv_Group__UMRSL
UNETO,Underdely_tol__UNETO
UOMGR,UoM_Group__UOMGR
USEQU,Quota_arrusage__USEQU
VBAMG,Base_quantity__VBAMG
VBEAZ,Processing_time__VBEAZ
VERKZ,Version__VERKZ
VINT1,Bwd_cons_per__VINT1
VINT2,Fwd_consperiod__VINT2
VRBDT,Date_to__VRBDT
VRBFK,Multiplier__VRBFK
VRBMT,Refmatl_cons__VRBMT
VRBWK,Refplantcons__VRBWK
VRMOD,Consmption_mode__VRMOD
VRVEZ,Setup_time__VRVEZ
VZUSL,Surcharge_%__VZUSL
WEBAZ,GR_proc_time__WEBAZ
WERKS,Plant__WERKS
WSTGH,Active_subst__WSTGH
WZEIT,Total_RL_time__WZEIT
XCHAR,Batches__XCHAR
XCHPF,Batch_Mgmt_Rqt__XCHPF
XMCNG,Neg_stocks__XMCNG
