﻿Field Name,Exported_Name
/BEV1/EMDRCKSPL,Print_Column__BEV1_EMDRCKSPL
/BEV1/EMLGRP,EmpGroup__BEV1_EMLGRP
/BEV1/RPBEZME,BUoM__BEV1_RPBEZME
/BEV1/RPSCO,Total_3__BEV1_RPSCO
/BEV1/RPSFA,Total_1__BEV1_RPSFA
/BEV1/RPSKI,Total_2__BEV1_RPSKI
/BEV1/RPSNS,None__BEV1_RPSNS
/BEV1/RPSSO,Total_4__BEV1_RPSSO
AUMNG,Minorder_qty__AUMNG
BONUS,Vol_rebate_grp__BONUS
DWERK,DeliverPlant__DWERK
EFMNG,MakeToOrder_qty__EFMNG
KONDM,Matpricing_grp__KONDM
KTGRM,Acct_asgnmt_grp__KTGRM
LDBFL,Listed_to__LDBFL
LDBZL,Listed_to__LDBZL
LDVFL,Listed_from__LDVFL
LDVZL,Listed_from__LDVZL
LFMAX,Max_dely_qty__LFMAX
LFMNG,Min_dely_qty__LFMNG
LSTAK,Listing_active__LSTAK
LSTFL,LP_for_stores__LSTFL
LSTVZ,LP_distr_ctrs__LSTVZ
LVORM,DF_DChain_level__LVORM
MANDT,Client__MANDT
MANDTHTG,Client__MANDTHTG
MATKC,Comp_charactn__MATKC
MATNR,Material__MATNR
MEGRU,UoM_Group__MEGRU
MTPOS,Item_catgroup__MTPOS
MVGR1,MaterialGroup_1__MVGR1
MVGR2,MaterialGroup_2__MVGR2
MVGR3,MaterialGroup_3__MVGR3
MVGR4,MaterialGroup_4__MVGR4
MVGR5,MaterialGroup_5__MVGR5
PBIND,Price_fixing__PBIND
PFLKS,Ext_asst_prio__PFLKS
PLGTP,Price_band_cat__PLGTP
PMATN,Pr_Ref_Matl__PMATN
PRAT1,Product_attr1__PRAT1
PRAT2,Product_attr2__PRAT2
PRAT3,Product_attr3__PRAT3
PRAT4,Product_attr4__PRAT4
PRAT5,Product_attr5__PRAT5
PRAT6,Prodattribute6__PRAT6
PRAT7,Product_attr7__PRAT7
PRAT8,Prodattribute8__PRAT8
PRAT9,Product_attr9__PRAT9
PRATA,Prdattribute10__PRATA
PRODH,Prod_Hierarchy__PRODH
PROVG,Commission_grp__PROVG
PVMSO,PP_sorting__PVMSO
RDPRF,Rnding_Profile__RDPRF
RJART,RackjobberFlag__RJART
ROWX,Database_Rows__ROWX
RTID,Runtime_ID__RTID
SCHME,Unit_of_measure__SCHME
SCMNG,Delivery_unit__SCMNG
SKTOF,Cash_discount__SKTOF
SSTUF,Assortm_grade__SSTUF
VAVME,SUn_not_var__VAVME
VDBFL,For_sale_till__VDBFL
VDBZL,For_sale_till__VDBZL
VDVFL,For_sale_from__VDVFL
VDVZL,For_sale_from__VDVZL
VERSG,Matl_stats_grp__VERSG
VKORG,Sales_Org__VKORG
VMSTA,DChain_spec__VMSTA
VMSTD,Valid_from__VMSTD
VRKME,Sales_Unit__VRKME
VTWEG,Distr_Channel__VTWEG
