﻿Field Name,Exported_Name
AEDAT,Changed_On__AEDAT
AFNAM,Requisitioner__AFNAM
AKTNR,Promotion__AKTNR
ANLN1,Asset__ANLN1
ANLN2,Sub_number__ANLN2
APLZL,Counter__APLZL
AREW2_EKBEMA,GR_IR_Clrg_Val_MLC1__AREW2_EKBEMA
AREW2_EKBZMA,GR_IR_Clrg_Val_MLC1__AREW2_EKBZMA
AREW3_EKBEMA,GR_IR_Clrg_Val_MLC2__AREW3_EKBEMA
AREW3_EKBZMA,GR_IR_Clrg_Val_MLC2__AREW3_EKBZMA
AREWB_EKBE,GR_IR_clrvalue__AREWB_EKBE
AREWB_EKBEMA,GR_IR_clrvalue__AREWB_EKBEMA
AREWB_EKBZ,GR_IR_clrvalue__AREWB_EKBZ
AREWB_EKBZMA,GR_IR_clrvalue__AREWB_EKBZMA
AREWR_EKBE,GR_IR_clrvalue__AREWR_EKBE
AREWR_EKBEMA,GR_IR_clrvalue__AREWR_EKBEMA
AREWR_EKBZ,GR_IR_clrvalue__AREWR_EKBZ
AREWR_EKBZMA,GR_IR_clrvalue__AREWR_EKBZMA
AREWW_EKBE,GR_IR_clrvalue__AREWW_EKBE
AREWW_EKBEMA,GR_IR_clrvalue__AREWW_EKBEMA
AREWW_EKBZ,GR_IR_clrvalue__AREWW_EKBZ
AREWW_EKBZMA,GR_IR_clrvalue__AREWW_EKBZMA
AUFNR,Order__AUFNR
AUFPL,Plan_nofoper__AUFPL
BEDAT,Document_Date__BEDAT
BEKKN,SeqNoPO_AccAss__BEKKN
BELNR,Document_Number__BELNR
BEWTP,PO_History_Cat__BEWTP
BLDAT,Document_Date__BLDAT
BPMNG_EKBE,Qty_in_OPUn__BPMNG_EKBE
BPMNG_EKBEMA,Qty_in_OPUn__BPMNG_EKBEMA
BPMNG_EKBZMA,Qty_in_OPUn__BPMNG_EKBZMA
BPMNG_F_EKBEMA,Qty_OPUn_Float__BPMNG_F_EKBEMA
BPMNG_F_EKBZMA,Qty_OPUn_Float__BPMNG_F_EKBZMA
BPRME,PO_Price_Unit__BPRME
BPWEB,Val_GR_BS_OPUn__BPWEB
BPWES,GR_blocked_stck__BPWES
BSART,Document_Type__BSART
BSGRU,Reason_for_Ord__BSGRU
BSTYP,Document_cat__BSTYP
BUDAT,Posting_Date__BUDAT
BUKRS,Company_Code__BUKRS
BUZEI,Line_item__BUZEI
BWAPPLNM,Application_comp__BWAPPLNM
BWART,Movement_type__BWART
BWTAR,Valuation_Type__BWTAR
BWVORG,Transfer_process__BWVORG
CHARG,Batch__CHARG
CPUDT,Entered_on__CPUDT
CPUTM,Entered_at__CPUTM
CURTP2_EKBEMA,Crcy_type_val__CURTP2_EKBEMA
CURTP2_EKBZMA,Crcy_type_val__CURTP2_EKBZMA
CURTP3_EKBEMA,Crcy_type_val__CURTP3_EKBEMA
CURTP3_EKBZMA,Crcy_type_val__CURTP3_EKBZMA
DMBT2_EKBEMA,Amount_1st_ML_Curr__DMBT2_EKBEMA
DMBT2_EKBZMA,Amount_1st_ML_Curr__DMBT2_EKBZMA
DMBT3_EKBEMA,Amount_2nd_ML_Curr__DMBT3_EKBEMA
DMBT3_EKBZMA,Amount_2nd_ML_Curr__DMBT3_EKBZMA
DMBTR_EKBE,Amount_in_LC__DMBTR_EKBE
DMBTR_EKBEMA,Amount_in_LC__DMBTR_EKBEMA
DMBTR_EKBZMA,Amount_in_LC__DMBTR_EKBZMA
EBELN,Purchasing_Doc__EBELN
EBELP,Item__EBELP
EFFHW,Local_PO_Value__EFFHW
EFFWR,PO_value__EFFWR
EKGRP,Purch_Group__EKGRP
EKORG,Purchasing_Org__EKORG
ELIKZ,Deliv_Compl__ELIKZ
EMATN,Material__EMATN
EMLIF,Vendor__EMLIF
EMNFR,External_manuf__EMNFR
EMPST,Recv_point__EMPST
EREKZ,Final_Invoice__EREKZ
ETENS,Sequential_No__ETENS
FIKRS,FM_Area__FIKRS
FIPOS,Commitment_item__FIPOS
FISTL,Funds_center__FISTL
FKBER,Functional_Area__FKBER
GEBER,Fund__GEBER
GJAHR,Fiscal_Year__GJAHR
GRANT_NBR,Grant__GRANT_NBR
GRUND,Reason__GRUND
GSBER,Business_Area__GSBER
HSWAE,Local_currency__HSWAE
HWAER,Local_Currency__HWAER
INTROW,Internal_line__INTROW
KBLNR,Earmarked_Funds__KBLNR
KBLPOS,Document_item__KBLPOS
KDATB,Validity_Start__KDATB
KDATE,Validity_End__KDATE
KNTTP,Acct_Assgmt_Cat__KNTTP
KOKRS,CO_Area__KOKRS
KONNR,Agreement__KONNR
KOSTL,Cost_Center__KOSTL
KSCHL,Condition_type__KSCHL
KSTRG,Cost_Object__KSTRG
KTOPL,Chart_of_Accts__KTOPL
KTPNR,Agreement_item__KTPNR
KUDIF_EKBE,ExchRate_Diff__KUDIF_EKBE
KUDIF_EKBEMA,ExchRate_Diff__KUDIF_EKBEMA
KUDIF_EKBZ,ExchRate_Diff__KUDIF_EKBZ
KUDIF_EKBZMA,ExchRate_Diff__KUDIF_EKBZMA
KUDIF2_EKBEMA,ExchRate_Diff__KUDIF2_EKBEMA
KUDIF2_EKBZMA,ExchRate_Diff__KUDIF2_EKBZMA
KUDIF3_EKBEMA,ExchRate_Diff__KUDIF3_EKBEMA
KUDIF3_EKBZMA,ExchRate_Diff__KUDIF3_EKBZMA
LEMIN,SRV_Returns_Ind__LEMIN
LFBNR,Reference_Doc__LFBNR
LFGJA,Year_curperiod__LFGJA
LFPOS,Ref_Doc_Item__LFPOS
LGORT,Storage_Loc__LGORT
LIFNR,Vendor__LIFNR
LIFRE,Invoicing_Pty__LIFRE
LLIEF,Suppl_Vendor__LLIEF
LMEIN,Base_Unit__LMEIN
LOGSY,Logical_System__LOGSY
LSMEH,Del_Note_Unit__LSMEH
LSMNG,Del_Note_Qty__LSMNG
MANDT,Client__MANDT
MANDTHTG,Client__MANDTHTG
MATKL,Material_Group__MATKL
MATNR,Material__MATNR
MEINS,Base_Unit__MEINS
MENGE,Quantity__MENGE
MENGE_EKBE,Quantity__MENGE_EKBE
MENGE_EKBEMA,Quantity__MENGE_EKBEMA
MENGE_EKBZ,Quantity__MENGE_EKBZ
MENGE_EKBZMA,Quantity__MENGE_EKBZMA
MENGE_ESKL,Quantity__MENGE_ESKL
MENGE_F_EKBEMA,Qty_FP_Number__MENGE_F_EKBEMA
MENGE_F_EKBZMA,Qty_FP_Number__MENGE_F_EKBZMA
MWSKZ,Tax_Code__MWSKZ
NAVNW,Non_deductible__NAVNW
NETHW,Local_Net_Order_Val__NETHW
NETPR,Net_price__NETPR
NETWR,Net_Value__NETWR
NETWR_ESKL,Net_Value__NETWR_ESKL
NPLNR,Network__NPLNR
ORGLOGSY,Logical_System__ORGLOGSY
PACKNO,Package_number__PACKNO
PAOBJNR,Profit_Segment__PAOBJNR
PEINH,Price_unit__PEINH
PRCTR,Profit_Center__PRCTR
PS_PSP_PNR,WBS_element__PS_PSP_PNR
PSTYP,Item_category__PSTYP
REEWR_EKBE,Invoice_Value__REEWR_EKBE
REEWR_EKBEMA,Invoice_Value__REEWR_EKBEMA
REEWR_EKBZ,Invoice_Value__REEWR_EKBZ
REEWR_EKBZMA,Invoice_Value__REEWR_EKBZMA
REFWR_EKBE,InvValue_in_FC__REFWR_EKBE
REFWR_EKBEMA,InvValue_in_FC__REFWR_EKBEMA
REFWR_EKBZ,InvValue_in_FC__REFWR_EKBZ
REFWR_EKBZMA,InvValue_in_FC__REFWR_EKBZMA
RESWK,Supplying_Plant__RESWK
REWRB_EKBE,FC_invoice_amnt__REWRB_EKBE
REWRB_EKBEMA,FC_invoice_amnt__REWRB_EKBEMA
REWRB_EKBZ,FC_invoice_amnt__REWRB_EKBZ
REWRB_EKBZMA,FC_invoice_amnt__REWRB_EKBZMA
ROCANCEL,TRUE__ROCANCEL
ROWX,Database_Rows__ROWX
RTID,Runtime_ID__RTID
SAKTO,G_L_Account__SAKTO
SHKKO,Debit_Credit__SHKKO
SHKZG,Debit_Credit__SHKZG
STATU,Status__STATU
STUNR,Step_number__STUNR
SYDAT,Entry_date__SYDAT
TWRKZ,Partial_invoice__TWRKZ
TXZ01,Short_Text__TXZ01
UMREN,Denominator__UMREN
UMREZ,Counter__UMREZ
VBELN,Sales_Document__VBELN
VBELP,Item__VBELP
VGABE,Trans_ev_type__VGABE
VPROZ,Percentage__VPROZ
VRTKZ,Distribution__VRTKZ
WAERS,Order_currency__WAERS
WAERS_EKBE,Currency__WAERS_EKBE
WAERS_EKBZ,Currency__WAERS_EKBZ
WAERS2,Currency__WAERS2
WAERS3,Currency__WAERS3
WEBRE,GR_Based_IV__WEBRE
WERKS,Plant__WERKS
WESBB,Val_GR_BlStock_OUn__WESBB
WESBS,GR_BlSt_OUn__WESBS
WKURS,Exchange_Rate__WKURS
WPROZ_ESKL,Percentage__WPROZ_ESKL
WRBTR,Amount__WRBTR
WRBTR_EKBE,Amount__WRBTR_EKBE
WRBTR_EKBEMA,Amount__WRBTR_EKBEMA
WRBTR_EKBZ,Amount__WRBTR_EKBZ
WRBTR_EKBZMA,Amount__WRBTR_EKBZMA
XBAUF,To_order__XBAUF
XBKST,Posting_to_cost_cent__XBKST
XBPRO,To_project__XBPRO
XERSY,ERS__XERSY
ZAEHK,Counter__ZAEHK
ZEKKN,SeqNoAccAss__ZEKKN
