﻿Field Name,Exported_Name
BELNR,Material_Doc__BELNR
BUZEI,Mat_DocItem__BUZEI
BWVORG,BWTrans_Key__BWVORG
CNFDT,Delivery_Date__CNFDT
CNFNR,Sequential_No__CNFNR
CNFQTY,Confirmed_Quantity__CNFQTY
CNFTM,Time__CNFTM
CNFTYP,Confirm_Cat__CNFTYP
EBELN,Purchasing_Doc__EBELN
EBELP,Item__EBELP
GMVPDT,Posting_Date__GMVPDT
GMVQTY,Goods_Movement_Qty__GMVQTY
MANDTHTG,Client__MANDTHTG
MEINS,Order_Unit__MEINS
OPNQTY,Open_Quantity__OPNQTY
ROCANCEL,Cancel_Ind__ROCANCEL
ROWX,Database_Rows__ROWX
RTID,Runtime_ID__RTID
TIMESTAMP,Time_Stamp__TIMESTAMP
TTLQTY,Assigned_Quantity__TTLQTY
UMREN,Denominator__UMREN
UMREZ,Equal_To__UMREZ
