﻿Field Name,Exported_Name
AFNAM,Requisitioner__AFNAM
AKTNR,Promotion__AKTNR
BANFN,PurchReq__BANFN
BEDAT,Document_Date__BEDAT
BNFPO,Requisn_item__BNFPO
BSART,Document_Type__BSART
BSGRU,Reason_for_Ord__BSGRU
BSTYP,Document_cat__BSTYP
BUDAT,Accounting_date__BUDAT
BWAPPLNM,Application_comp__BWAPPLNM
BWBRTWR,Gross_ord_val__BWBRTWR
BWEFFWR,PO_value__BWEFFWR
BWGEO,BWCValLocCrcy__BWGEO
BWGEOO,BW_CValOrdCrcy__BWGEOO
BWGVO,BWCValLocCrcy__BWGVO
BWGVP,BW_RtlTLocCrcy__BWGVP
BWKZWI1,Subtotal_1__BWKZWI1
BWKZWI2,Subtotal_2__BWKZWI2
BWKZWI3,Subtotal_3__BWKZWI3
BWKZWI4,Subtotal_4__BWKZWI4
BWKZWI5,Subtotal_5__BWKZWI5
BWKZWI6,Subtotal_6__BWKZWI6
BWMNG,BW_Qty_in_OUn__BWMNG
BWVORG,Transfer_process__BWVORG
BZGWR,Delivery_costs__BZGWR
CHARG,Batch__CHARG
DBWGEO,DelPO_GR_cost__DBWGEO
DBWMNG,DelPO_GR_qty__DBWMNG
EBELN,Purchasing_Doc__EBELN
EBELP,Item__EBELP
EINDT,Delivery_date__EINDT
EKGRP,Purch_Group__EKGRP
EKORG,Purchasing_Org__EKORG
ELIKZ,Deliv_Compl__ELIKZ
EMATN,Material__EMATN
EREKZ,Final_Invoice__EREKZ
ETENR,Schedule_Line__ETENR
HWAER,Local_Currency__HWAER
ITMUSE,Usage_of_higher_item__ITMUSE
KDATB,Validity_Start__KDATB
KDATE,Validity_End__KDATE
KONNR,Agreement__KONNR
KTPNR,Agreement_item__KTPNR
LBLIF,Receiv_vendor__LBLIF
LGORT,Storage_Loc__LGORT
LIFNR,Vendor__LIFNR
LIFRE,Invoicing_Pty__LIFRE
LLIEF,Suppl_Vendor__LLIEF
LMEIN,Base_Unit__LMEIN
LOGSY,Logical_System__LOGSY
MAHNZ,No_Rem_Exp__MAHNZ
MANDTHTG,Client__MANDTHTG
MATKL,Material_Group__MATKL
MATNR,Material__MATNR
MEINS,Order_Unit__MEINS
NETPR,Net_price__NETPR
NOSCL,Counter_SchLine__NOSCL
ORGLOGSY,Logical_System__ORGLOGSY
PBEST,Ordering_addr__PBEST
PEINH,Price_unit__PEINH
PERIV,FiYear_Variant__PERIV
PLIEF,Partner_vendor__PLIEF
PLIWK,Supplying_plant__PLIWK
PREST,Invoicing_party__PREST
PSTYP,Item_category__PSTYP
PWLIF,Goods_supplier__PWLIF
RESLO,Iss_Stor_Loc__RESLO
RESWK,Supplying_Plant__RESWK
ROCANCEL,Cancel_Ind__ROCANCEL
ROWX,Database_Rows__ROWX
RTID,Runtime_ID__RTID
SCL_BEDAT,Sched_Line_Date__SCL_BEDAT
SHIPTO,Customer__SHIPTO
SLFDT,Stat_Del_Date__SLFDT
STATU,Status__STATU
SYDAT,Entry_date__SYDAT
TIMESTAMP,Time_Stamp__TIMESTAMP
TXZ01,Short_Text__TXZ01
UEBPO,H_Lev_Item__UEBPO
UMREN,Denominator__UMREN
UMREZ,Equal_To__UMREZ
UZEIT,Time__UZEIT
WAERS,Order_currency__WAERS
WEBRE,GR_Based_IV__WEBRE
WEPOS,Goods_receipt__WEPOS
WERKS,Plant__WERKS
WKURS,Exchange_Rate__WKURS
XERSY,ERS__XERSY
