﻿Field Name,Exported_Name
ALIEF,Deliveries__ALIEF
ARECH,Invoices__ARECH
BEDAT,Document_Date__BEDAT
BSART,Document_Type__BSART
BSTYP,Document_cat__BSTYP
BUDAT,Accounting_date__BUDAT
EBELN,Purchasing_Doc__EBELN
EKGRP,Purch_Group__EKGRP
EKORG,Purchasing_Org__EKORG
HDRVORG,Transaction_PD__HDRVORG
KDATB,Validity_Start__KDATB
KDATE,Validity_End__KDATE
LBLIF,Receiv_vendor__LBLIF
LIFNR,Vendor__LIFNR
LIFRE,Invoicing_Pty__LIFRE
LLIEF,Suppl_Vendor__LLIEF
LOGSY,Logical_System__LOGSY
MANDTHTG,Client__MANDTHTG
NOHDR,Counter_for_Docs__NOHDR
ORGLOGSY,Logical_System__ORGLOGSY
PBEST,Ordering_addr__PBEST
PERIV,FiYear_Variant__PERIV
PLIEF,Partner_vendor__PLIEF
PLIWK,Supplying_plant__PLIWK
PREST,Invoicing_party__PREST
PWLIF,Goods_supplier__PWLIF
RESWK,Supplying_Plant__RESWK
ROCANCEL,Cancel_Ind__ROCANCEL
ROWX,Database_Rows__ROWX
RTID,Runtime_ID__RTID
STATU,Status__STATU
SYDAT,Entry_date__SYDAT
TIMESTAMP,Time_Stamp__TIMESTAMP
WAERS,Order_currency__WAERS
WKURS,Exchange_Rate__WKURS
