﻿Field Name,Exported_Name
AFNAM,Requisitioner__AFNAM
AKTNR,Promotion__AKTNR
AKTWE,Current_GR_qty__AKTWE
ALAV,Shipnot__ALAV
ALIEF,Deliveries__ALIEF
BEDAT,Document_Date__BEDAT
BSART,Document_Type__BSART
BSGRU,Reason_for_Ord__BSGRU
BSTYP,Document_cat__BSTYP
BUDAT,Accounting_date__BUDAT
BWAPPLNM,Application_comp__BWAPPLNM
BWVORG,Transfer_process__BWVORG
EBELN,Purchasing_Doc__EBELN
EBELP,Item__EBELP
EKGRP,Purch_Group__EKGRP
EKORG,Purchasing_Org__EKORG
ELIKZ,Deliv_Compl__ELIKZ
EMATN,Material__EMATN
EREKZ,Final_Invoice__EREKZ
HWAER,Local_Currency__HWAER
KDATB,Validity_Start__KDATB
KDATE,Validity_End__KDATE
KONNR,Agreement__KONNR
KTMNG,Target_Quantity__KTMNG
KTPNR,Agreement_item__KTPNR
KZMAB,Qty_deviation__KZMAB
KZPOS,Item_counter__KZPOS
KZTAB,Scheddeviation__KZTAB
LAVI,Shipnot__LAVI
LBLIF,Receiv_vendor__LBLIF
LFABW,SF_Date_Var__LFABW
LFZTA,Total_deltime__LFZTA
LGORT,Storage_Loc__LGORT
LIFNR,Vendor__LIFNR
LIFRE,Invoicing_Pty__LIFRE
LLIEF,Suppl_Vendor__LLIEF
LMEIN,Base_Unit__LMEIN
LOGSY,Logical_System__LOGSY
MABW,Qty_variance__MABW
MANDTHTG,Client__MANDTHTG
MATKL,Material_Group__MATKL
MATNR,Material__MATNR
MAXBW,Best_Score__MAXBW
MCEX_UEBTK,Unlimited__MCEX_UEBTK
MCEX_UEBTO,Overdeliv_Tol__MCEX_UEBTO
MCEX_UNTTO,Underdel_Tol__MCEX_UNTTO
MEINS,Order_Unit__MEINS
MENGE,PO_Quantity__MENGE
MGABW,SF_Qty_Var__MGABW
NETPR,Net_price__NETPR
NETWR,Net_order_value__NETWR
NOPOS,Counter_Items__NOPOS
NOQUAN,Counter_Quant_Int__NOQUAN
NOTIME,Counter_Date_Split__NOTIME
ORGLOGSY,Logical_System__ORGLOGSY
PBEST,Ordering_addr__PBEST
PEINH,Price_unit__PEINH
PERIV,FiYear_Variant__PERIV
PLIEF,Partner_vendor__PLIEF
PLIWK,Supplying_plant__PLIWK
PREST,Invoicing_party__PREST
PSTYP,Item_category__PSTYP
PWEV,Compshpinstr__PWEV
PWFR,On_time_del__PWFR
PWLIF,Goods_supplier__PWLIF
PWMT,Qty_reliability__PWMT
PWTT,On_time_deliv__PWTT
PWWE,Quality__PWWE
QUAN_INT,Interval_Quant__QUAN_INT
REPOS,Invoice_receipt__REPOS
RESWK,Supplying_Plant__RESWK
ROCANCEL,Cancel_Ind__ROCANCEL
ROWX,Database_Rows__ROWX
RTID,Runtime_ID__RTID
STATU,Status__STATU
SYDAT,Entry_date__SYDAT
TABW,Del_Date_Var__TABW
TIME_INT,Interval_Date__TIME_INT
TIMESTAMP,Time_Stamp__TIMESTAMP
TXZ01,Short_Text__TXZ01
UMREN,Denominator__UMREN
UMREZ,Equal_To__UMREZ
UZEIT,Time__UZEIT
VVABW,SF_Ship_Instr__VVABW
WAERS,Order_currency__WAERS
WEBRE,GR_Based_IV__WEBRE
WEPOS,Goods_receipt__WEPOS
WERKS,Plant__WERKS
WKURS,Exchange_Rate__WKURS
XERSY,ERS__XERSY
ZWERT,Target_Value__ZWERT
