﻿Field Name,Exported_Name
AWSLS,Variance_key__AWSLS
BEDPL,Reqmts_planning__BEDPL
BETOL,PO_tolerance__BETOL
BWKEY,Valuation_Area__BWKEY
BZIRK,Sales_district__BZIRK
BZQHL,Regular_vendor__BZQHL
CHAZV,Batch_statmgmt__CHAZV
CITYC,City_code__CITYC
COUNC,County_code__COUNC
DEP_STORE,Sup_DS__DEP_STORE
EKORG,Purchasing_Org__EKORG
FABKL,Factory_calend__FABKL
IWERK,Planning_plant__IWERK
KKOWK,Condplntlevel__KKOWK
KORDB,Source_list__KORDB
KUNNR,CustomerNoPlant__KUNNR
LAND1,Country__LAND1
LET01,Tolerance1__LET01
LET02,Tolerance2__LET02
LET03,Tolerance3__LET03
LIFNR,Vend_no_plant__LIFNR
MANDT,Client__MANDT
MANDTHTG,Client__MANDTHTG
NAME1,Name_1__NAME1
NAME2,Name_2__NAME2
ORT01,City__ORT01
PFACH,PO_Box__PFACH
PSTLZ,Postal_Code__PSTLZ
REGIO,Region__REGIO
ROWX,Database_Rows__ROWX
RTID,Runtime_ID__RTID
SPART,Div_IV__SPART
SPRAS,Language__SPRAS
STORETYPE,Store_Cat__STORETYPE
STRAS,Street_House__STRAS
TAXIW,Tax_Ind_Plant__TAXIW
TXJCD,Tax_Jur__TXJCD
TXNAM_MA1,Text_1st_dunn__TXNAM_MA1
TXNAM_MA2,Text_2nd_dunn__TXNAM_MA2
TXNAM_MA3,Text_3rd_dunn__TXNAM_MA3
VKORG,Sales_org__VKORG
VLFKZ,Plant_cat__VLFKZ
VTWEG,Distribchannel__VTWEG
WERKS,Plant__WERKS
WKSOP,SOP_plant__WKSOP
ZONE1,Supply_region__ZONE1
