﻿Field Name,Exported_Name
A_TAB_O,OutputDeviation__A_TAB_O
ABRUE_O,SchedTeardwnTm__ABRUE_O
AEDAT,Changed_on__AEDAT
AMEIN,Order_Un__AMEIN
AMEIN_I,Order_Un__AMEIN_I
APLZL_O,Counter__APLZL_O
APPLID,Application_ID__APPLID
ARBID_O,Object_ID__ARBID_O
ARBII_O,Object_ID__ARBII_O
ARBPL_O,Work_center__ARBPL_O
ARBPLI_O,Work_center__ARBPLI_O
ARUZE_O,Teardown_unit__ARUZE_O
ASVRG_O,Scrap_quantity__ASVRG_O
AUART,Order_Type__AUART
AUFNR,Order__AUFNR
AUFPL,Plan_nofoper__AUFPL
AUFPL_O,Plan_nofoper__AUFPL_O
AUTYP,Order_category__AUTYP
BEARZ_O,Schedproctime__BEARZ_O
BEAZE_O,Proc_time_unit__BEAZE_O
BMSCH_O,Base_Quantity__BMSCH_O
BUDAT_I,Posting_date__BUDAT_I
BUDAT_O,Posting_date__BUDAT_O
BUKRS,Company_Code__BUKRS
CHARG_I,Batch__CHARG_I
DFZEH_I,Unit_for_exec__DFZEH_I
DFZEH_O,Unit_for_exec__DFZEH_O
DFZEXEH_I,Unit_for_exec__DFZEXEH_I
DFZEXEH_O,Unit_for_exec__DFZEXEH_O
DISPO,MRP_controller__DISPO
ERDAT,Created_on__ERDAT
ETRMP_I,Open_date_plnd__ETRMP_I
FA_FREI,Released__FA_FREI
FA_GLFT,Delivered__FA_GLFT
FA_RUECK,Confirmed__FA_RUECK
FA_TGLI,Part_Delivered__FA_TGLI
FA_TRUEC,Partially_conf__FA_TRUEC
FEVOR,Prodn_Superv__FEVOR
FSAVD_O,Earlstart_date__FSAVD_O
FSEDD_O,EarliestEndDate__FSEDD_O
FTRMI,Actual_release__FTRMI
FTRMP,Planned_release__FTRMP
FTRMS,Release__FTRMS
GAMNG,Target_Quantity__GAMNG
GASMG,Scrap__GASMG
GETRI,Actual_Finish__GETRI
GEUZI,Actual_Finish__GEUZI
GLTRI,Actual_finish__GLTRI
GLTRP,Basic_fin_date__GLTRP
GLTRS,Sched_finish__GLTRS
GLUZS,Finish_Time__GLUZS
GMEIN,Base_Unit__GMEIN
GMNGA_O,Delvrd_Lot_Size__GMNGA_O
GRPVAR,Variant_Name__GRPVAR
GRUND_I,Reason__GRUND_I
GRUND_O,Reason__GRUND_O
GSBER_I,Business_Area__GSBER_I
GSTRI,Actual_start__GSTRI
GSTRP,Bas_start_date__GSTRP
GSTRS,Sched_start__GSTRS
GSUZI,ActualStart__GSUZI
GSUZS,SchedStartTime__GSUZS
I_ABRUE_O,Actual_teardown__I_ABRUE_O
I_AUFNR_I,Order__I_AUFNR_I
I_BEARZ_O,Actl_proc_time__I_BEARZ_O
I_DFZ_EX_I,Actl_exec_time__I_DFZ_EX_I
I_DFZ_EX_O,Actl_exec_time__I_DFZ_EX_O
I_DFZ_I,Actual_exectm__I_DFZ_I
I_DFZ_O,Actual_exectm__I_DFZ_O
I_DLZ_EX_I,Act_lead_time__I_DLZ_EX_I
I_DLZ_EX_O,Act_lead_time__I_DLZ_EX_O
I_DLZ_I,Act_lead_time__I_DLZ_I
I_DLZ_O,Act_lead_time__I_DLZ_O
I_RUEST_O,Actl_setup_time__I_RUEST_O
IADD_O,Actual_input__IADD_O
IADZ_O,Actual_input__IADZ_O
IAMNG_I,Actual_scrap__IAMNG_I
IEAVD_O,Actual_Finish__IEAVD_O
IEDD_O,Actfinish_date__IEDD_O
IEDZ_O,Actual_finish__IEDZ_O
ILE01_O,Unit_activity__ILE01_O
ILE02_O,Unit_activity__ILE02_O
ILE03_O,Unit_activity__ILE03_O
ILE04_O,Unit_activity__ILE04_O
ILE05_O,Unit_activity__ILE05_O
ILE06_O,Unit_activity__ILE06_O
INDVAR,Variant_Name__INDVAR
IPRE1_O,Unit_Process__IPRE1_O
IPRZ1_O,Conf_Process__IPRZ1_O
ISAVD_O,Operation_start__ISAVD_O
ISDD_O,Actual_start__ISDD_O
ISDZ_O,Act_Start_Time__ISDZ_O
ISM01_O,Conf_activty_1__ISM01_O
ISM02_O,Conf_activty_2__ISM02_O
ISM03_O,Conf_activty_3__ISM03_O
ISM04_O,Conf_activty_4__ISM04_O
ISM05_O,Conf_activty_5__ISM05_O
ISM06_O,Confactivity_6__ISM06_O
KABRS_O,Teardown_Schd__KABRS_O
KALID_O,Calendar_ID__KALID_O
KAPAR_O,Capacity_cat__KAPAR_O
KAPID_O,Capacity_ID__KAPID_O
KAPKZ_O,Capacity_ind__KAPKZ_O
KBEAS_O,Proc_Schd__KBEAS_O
KDAUF_I,Sales_Order__KDAUF_I
KDEIN_I,SOrder_schedule__KDEIN_I
KDPOS_I,Sales_Ord_Item__KDPOS_I
KEINH_I,Capacity_unit__KEINH_I
KEINH_O,Capacity_unit__KEINH_O
KRUES_O,Setup_Schd__KRUES_O
KSUMS_I,Capacity_reqmts__KSUMS_I
KUNUM,Customer__KUNUM
LAR01_O,1_CO_activity__LAR01_O
LAR02_O,2_CO_activity__LAR02_O
LAR03_O,3_CO_activity__LAR03_O
LAR04_O,4_CO_activity__LAR04_O
LAR05_O,5_CO_activity__LAR05_O
LAR06_O,6_CO_activity__LAR06_O
LEAD_AUFNR,Leading_order__LEAD_AUFNR
LGORT_I,Storage_Loc__LGORT_I
LIEGZ_O,Wait_time__LIEGZ_O
LIGZE_O,Wait_time_unit__LIGZE_O
LMNGA_O,Confirmed_qty__LMNGA_O
LOART_O,Wage_type__LOART_O
LOGRP_O,Wage_Group__LOGRP_O
LSTEFF1_O,Eff_act_type_1__LSTEFF1_O
LSTEFF2_O,Eff_act_type_2__LSTEFF2_O
LSTEFF3_O,Eff_act_type_3__LSTEFF3_O
LSTEFF4_O,Eff_act_type_4__LSTEFF4_O
LSTEFF5_O,Eff_act_type_5__LSTEFF5_O
LSTEFF6_O,Eff_act_type_6__LSTEFF6_O
LTRMI_I,Actdelivdate__LTRMI_I
LTRMP_I,PldOrd_Deldate__LTRMP_I
MANDTHTG,Client__MANDTHTG
MATNR_I,Material__MATNR_I
MAUFNR,Superior_Order__MAUFNR
MCPAMNG_I,Scrap_quantity__MCPAMNG_I
MCPGMNG_I,Order_quantity__MCPGMNG_I
MDV01,Prod_line__MDV01
MDV02,Planning_ID_2__MDV02
MEINH_O,Act_op_UoM__MEINH_O
MEINS_I,Base_Unit__MEINS_I
MGVRG_O,Operation_qty__MGVRG_O
N_IEAVD_O,SuccOp_Act_end__N_IEAVD_O
OBJNR,Object_number__OBJNR
OBJNR_O,Object_number__OBJNR_O
P_DLZ_I,Plan_lead_time__P_DLZ_I
PAMNG_I,Scrap_quantity__PAMNG_I
PERNR_O,Personnel_no__PERNR_O
PGMNG_I,Order_quantity__PGMNG_I
PI_FREI_I,P_A_release_dev__PI_FREI_I
PI_LIEF_I,P_A_delivery_dv__PI_LIEF_I
PI_STAR_I,P_A_start_dev__PI_STAR_I
PLANR_O,Planner_group__PLANR_O
PLCHK1P_I,W_o_act_start__PLCHK1P_I
PLCHK1V_O,W_o_act_input__PLCHK1V_O
PLCHK2P_I,Actual_End__PLCHK2P_I
PLCHK2V_O,Actual_End__PLCHK2V_O
PLCHK3V_O,Invalid_milest__PLCHK3V_O
PLGRP,Planner_group__PLGRP
PLNFL_O,Sequence__PLNFL_O
PLNKN_O,Nodes__PLNKN_O
PLNME,Task_list_unit__PLNME
PLNNR_O,Group__PLNNR_O
PLNTY_O,Task_List_Type__PLNTY_O
PLNUM_I,Planned_order__PLNUM_I
POSNR_I,Order_item_no__POSNR_I
PS_FREI_I,P_T_release_dev__PS_FREI_I
PS_LIEF_I,P_T_delivery_dv__PS_LIEF_I
PS_STAR_I,P_T_start_dev__PS_STAR_I
PSAMG_I,Scrap_quantity__PSAMG_I
PSMNG_I,Item_quantity__PSMNG_I
PSPNR_I,Production_lot__PSPNR_I
PWERK_I,Planning_plant__PWERK_I
QUALF_O,Suitability__QUALF_O
R_TAB_O,RelScheduleDev__R_TAB_O
REFOP24_O,Ref_oper_set__REFOP24_O
RMNGA_O,Rework__RMNGA_O
ROWX,Database_Rows__ROWX
RSTZE_O,Setup_unit__RSTZE_O
RTID,Runtime_ID__RTID
RUECK_O,Confirmation__RUECK_O
RUEST_O,SchedSetupTime__RUEST_O
S_DFZ_EX_I,Tgt_exec_time__S_DFZ_EX_I
S_DFZ_EX_O,Tgt_exec_time__S_DFZ_EX_O
S_DFZ_I,Tgt_exec_time__S_DFZ_I
S_DFZ_O,Tgt_exec_time__S_DFZ_O
S_DLZ_EX_I,Tgt_lead_time__S_DLZ_EX_I
S_DLZ_EX_O,Tgt_lead_time__S_DLZ_EX_O
S_DLZ_I,Tgt_lead_time__S_DLZ_I
S_DLZ_O,Tgt_lead_time__S_DLZ_O
SAFNR_I,RS_header__SAFNR_I
SERNR_I,BOM_explnumber__SERNR_I
SI_FREI_I,T_A_release_dev__SI_FREI_I
SI_LIEF_I,T_A_delivery_dv__SI_LIEF_I
SI_STAR_I,T_A_start_dev__SI_STAR_I
SMNG1_O,Qty_activtype__SMNG1_O
SMNG2_O,Qty_activtype__SMNG2_O
SMNG3_O,Qty_activtype__SMNG3_O
SMNG4_O,Qty_activtype__SMNG4_O
SMNG5_O,Qty_activtype__SMNG5_O
SMNG6_O,Qty_activtype__SMNG6_O
SOPNR_I,SOP_order_no__SOPNR_I
SSADD_O,Target_input__SSADD_O
SSADZ_O,Target_input__SSADZ_O
SSAVD_O,Latest_start__SSAVD_O
SSAVZ_O,Lat_start_time__SSAVZ_O
SSEDD_O,Latfinish_date__SSEDD_O
SSEDZ_O,Latest_fintime__SSEDZ_O
STDKN_O,Nodes__STDKN_O
STEUS_O,Control_key__STEUS_O
STRMP_I,Plnd_Start_Date__STRMP_I
TERKZ,Scheduling_type__TERKZ
TRANZ_O,Move_time__TRANZ_O
TRAZE_O,Move_time_unit__TRAZE_O
UMREN_I,Denominator__UMREN_I
UMREN_O,Denominator__UMREN_O
UMREZ_I,Counter__UMREZ_I
UMREZ_O,Counter__UMREZ_O
UVORN_O,Suboperation__UVORN_O
V_LIEGZ_O,Wait_time__V_LIEGZ_O
VDATU,UpdateDateStats__VDATU
VDATU_O,UpdateDateStats__VDATU_O
VERAN_O,Pers_respons__VERAN_O
VERANI_O,Pers_respons__VERANI_O
VERID,Prod_Version__VERID
VERID_I,Prod_Version__VERID_I
VERTL_O,Distribution__VERTL_O
VG_FREI_O,Released__VG_FREI_O
VG_RMAN_O,VG_RMAN_O
VG_RUECK_O,Confirmed__VG_RUECK_O
VG_TRUEC_O,Partially_conf__VG_TRUEC_O
VGE01_O,Std_value_unit_1__VGE01_O
VGE02_O,Std_value_unit_2__VGE02_O
VGE03_O,Std_value_unit_3__VGE03_O
VGE04_O,Std_value_unit_4__VGE04_O
VGE05_O,Std_value_unit_5__VGE05_O
VGE06_O,Std_value_unit_6__VGE06_O
VORNR_O,Activity__VORNR_O
VPLNR_O,Ref_group__VPLNR_O
VPLTY_O,TList_type_Ref__VPLTY_O
WARTZ_O,Queue_time__WARTZ_O
WEMNG_I,GR_quantity__WEMNG_I
WERKS,Plant__WERKS
WERKS_O,Plant__WERKS_O
WERKSI_O,Plant__WERKSI_O
WRTZE_O,Queue_time_unit__WRTZE_O
XMNGA_O,Confirmed_scrap__XMNGA_O
Z_TAB_O,Input_deviation__Z_TAB_O
ZAEHL_O,Counter__ZAEHL_O
ZGR01_O,Target_PER_1__ZGR01_O
ZGR02_O,Target_PER_2__ZGR02_O
ZGR03_O,Target_PER_3__ZGR03_O
ZGR04_O,Target_PER_4__ZGR04_O
ZGR05_O,Target_PER_5__ZGR05_O
ZGR06_O,Target_PER_6__ZGR06_O
ZMNG1_O,Tgt_qty_acttyp__ZMNG1_O
ZMNG1OZ_O,Tgt_qty_acttyp__ZMNG1OZ_O
ZMNG2_O,Tgt_qty_acttyp__ZMNG2_O
ZMNG2OZ_O,Tgt_qty_acttyp__ZMNG2OZ_O
ZMNG3_O,Tgt_qty_acttyp__ZMNG3_O
ZMNG3OZ_O,Tgt_qty_acttyp__ZMNG3OZ_O
ZMNG4_O,Tgt_qty_acttyp__ZMNG4_O
ZMNG4OZ_O,Tgt_qty_acttyp__ZMNG4OZ_O
ZMNG5_O,Tgt_qty_acttyp__ZMNG5_O
ZMNG5OZ_O,Tgt_qty_acttyp__ZMNG5OZ_O
ZMNG6_O,Tgt_qty_acttyp__ZMNG6_O
ZMNG6OZ_O,Tgt_qty_acttyp__ZMNG6OZ_O
