﻿Field Name,Exported_Name
AEDAT,Changed_on__AEDAT
AENAM,Changed_by__AENAM
AKSTL,Reqcost_center__AKSTL
APRIO,Priority__APRIO
AUART,Order_Type__AUART
AUFNR,Order__AUFNR
AUTYP,Order_category__AUTYP
BUKRS,Company_Code__BUKRS
BWSTSYS0,BW_Status_SYS0__BWSTSYS0
BWSTSYS1,BW_Status_SYS1__BWSTSYS1
BWSTSYS2,BW_StatusSYS2__BWSTSYS2
CHARG,Batch__CHARG
DISPO,MRP_controller__DISPO
ERDAT,Created_on__ERDAT
ERNAM,Entered_by__ERNAM
FEVOR,Prodn_Superv__FEVOR
GSBER,Business_Area__GSBER
KDAUF,Sales_Order__KDAUF
KDPOS,Sales_ord_item__KDPOS
KOKRS,CO_Area__KOKRS
KOSTV,Resp_cost_cntr__KOSTV
KUNUM,Customer__KUNUM
MANDTHTG,Client__MANDTHTG
PLGRP,Planner_group__PLGRP
PLNBEZ,Material__PLNBEZ
PLNUM,Planned_order__PLNUM
POSID,WBS_element__POSID
PRCTR,Profit_Center__PRCTR
PSPID,Project_def__PSPID
PWERK,Planning_plant__PWERK
ROWX,Database_Rows__ROWX
RTID,Runtime_ID__RTID
STORT,Location__STORT
TERKZ,Scheduling_type__TERKZ
VERID,Prod_Version__VERID
WAERS,Currency__WAERS
WERKS,Plant__WERKS
