﻿Field Name,Exported_Name
ABTEI,Department__ABTEI
ANRED,Title__ANRED
DATEFROM,Valid_From__DATEFROM
DATETO,Valid_To__DATETO
DATLT,Data_line__DATLT
DRNAM,Printer_name__DRNAM
ERSDA,Created_on__ERSDA
KHINR,Area__KHINR
KOKRS,CO_Area__KOKRS
LAND1,Country__LAND1
LOCK_IND,Lock_indicator__LOCK_IND
MANDTHTG,Client__MANDTHTG
NAME1,Name__NAME1
NAME2,Name_2__NAME2
NAME3,Name_3__NAME3
NAME4,Name_4__NAME4
ORT01,City__ORT01
ORT02,District__ORT02
PCA_TEMPLATE,Form_Planning_Temp__PCA_TEMPLATE
PFACH,PO_Box__PFACH
PRCTR,Profit_Center__PRCTR
PSTL2,PO_Box_PCode__PSTL2
PSTLZ,Postal_Code__PSTLZ
REGIO,Region__REGIO
ROWX,Database_Rows__ROWX
RTID,Runtime_ID__RTID
SEGMENT,Segment__SEGMENT
STRAS,Street__STRAS
TELBX,Telebox__TELBX
TELF1,Telephone_1__TELF1
TELF2,Telephone_2__TELF2
TELFX,Fax_Number__TELFX
TELTX,Teletex__TELTX
TELX1,Telex__TELX1
TXJCD,Tax_Jur__TXJCD
USNAM,Created_by__USNAM
VERAK,Person_Respons__VERAK
VERAK_USER,User_Responsible__VERAK_USER
WAERS,Currency__WAERS
