﻿Field Name,Exported_Name
BATCH_DEDICATED,Batch_Class__BATCH_DEDICATED
CLIENT,Client__CLIENT
COMPETITOR_PROD,Competitor_Product__COMPETITOR_PROD
CONFIG,Configurable__CONFIG
HISTEX,History_Exists__HISTEX
LOGSYS,Logical_System__LOGSYS
MANDTHTG,Client__MANDTHTG
OBJECT_FAMILY,Object_Family__OBJECT_FAMILY
PRODUCT_GUID,Product_GUID__PRODUCT_GUID
PRODUCT_ID,Product_ID__PRODUCT_ID
PRODUCT_TYPE,Product_Type__PRODUCT_TYPE
ROWX,Database_Rows__ROWX
RTID,Runtime_ID__RTID
UPNAME,Changed_By__UPNAME
VALID_FROM,Valid_From__VALID_FROM
VALID_TO,Valid_To__VALID_TO
XNOSEARCH,XNOSEARCH
