﻿Field Name,Exported_Name
ABLESARTST,MR_control__ABLESARTST
ABLSPERR,Blocking_reas__ABLSPERR
AEDAT,Changed_On__AEDAT
AENAM,Changed_by__AENAM
ANLAGE,Installation__ANLAGE
ANLART,Inst_type__ANLART
ANSCHREI,Notificat_ctrl__ANSCHREI
BAPERTYP,Base_per_cat__BAPERTYP
BEGRU,AuthorizGroup__BEGRU
BEZUG,Reference__BEZUG
DEREGSTAT,Deregul_status__DEREGSTAT
DRCKSTUF,GPressLevInst__DRCKSTUF
ERDAT,Created_On__ERDAT
ERNAM,Created_By__ERNAM
ETIMEZONE,Time_Zone__ETIMEZONE
HOLICALID,Holiday_Cal_ID__HOLICALID
INFOREL,Release_Status__INFOREL
LOEVM,Delete__LOEVM
MANDT,Client__MANDT
MANDTHTG,Client__MANDTHTG
NODISCONCT,Supply_guarant__NODISCONCT
OUCONT,Outline_Contr__OUCONT
ROWX,Database_Rows__ROWX
RTID,Runtime_ID__RTID
SERVICE,Service_Type__SERVICE
SPARTE,Division__SPARTE
SPEBENE,Voltage_Level__SPEBENE
UPDMOD,Record_Mode__UPDMOD
VSTELLE,Premise__VSTELLE
