﻿Field Name,Exported_Name
ANRED,Title__ANRED
BAHNS,Train_station__BAHNS
BBBNR,Location_no_1__BBBNR
BBSNR,Location_no_2__BBSNR
BEGRU,Authorization__BEGRU
BRSCH,Industry__BRSCH
BUBKZ,Check_digit__BUBKZ
DATLT,Data_line__DATLT
DTAMS,DME_indicator__DTAMS
DTAWS,Instruction_key__DTAWS
ERDAT,Created_on__ERDAT
ERNAM,Created_by__ERNAM
ESRNR,POR_number__ESRNR
FISKN,Fiscal_address__FISKN
GBDAT,Date_of_birth__GBDAT
GBORT,Place_of_birth__GBORT
KONZS,Group__KONZS
KRAUS,Credinfo_no__KRAUS
KTOCK,Refacct_group__KTOCK
KTOKK,Account_group__KTOKK
KUNNR,Customer__KUNNR
LAND1,Country__LAND1
LIFNR,Vendor__LIFNR
LNRZA,Alternat_payee__LNRZA
LOEVM,Deletion_flag__LOEVM
LTSNA,VSR_relevant__LTSNA
MANDT,Client__MANDT
MANDTHTG,Client__MANDTHTG
MCOD1,Name__MCOD1
MCOD2,Name_2__MCOD2
MCOD3,City__MCOD3
NAME1,Name__NAME1
NAME2,Name_2__NAME2
NAME3,Name_3__NAME3
NAME4,Name_4__NAME4
ORT01,City__ORT01
ORT02,District__ORT02
PFACH,PO_Box__PFACH
PFORT,POBox_city__PFORT
PLKAL,Factory_calend__PLKAL
PSTL2,PO_Box_PCode__PSTL2
PSTLZ,Postal_Code__PSTLZ
QSSYS,Actual_QM_sys__QSSYS
REGIO,Region__REGIO
REVDB,Last_extreview__REVDB
ROWX,Database_Rows__ROWX
RTID,Runtime_ID__RTID
SEXKZ,Sex__SEXKZ
SORTL,Search_term__SORTL
SPERM,Purch_block__SPERM
SPERQ,Block_function__SPERQ
SPERR,Posting_Block__SPERR
SPERZ,Payment_block__SPERZ
SPRAS,Language__SPRAS
STCD1,Tax_Number_1__STCD1
STCD2,Tax_Number_2__STCD2
STCD3,Tax_Number_3__STCD3
STCEG,VAT_Reg_No__STCEG
STKZA,Equalizatn_tax__STKZA
STKZN,Natural_person__STKZN
STKZU,Liable_for_VAT__STKZU
STRAS,Street__STRAS
TELBX,Telebox__TELBX
TELF1,Telephone_1__TELF1
TELF2,Telephone_2__TELF2
TELFX,Fax_Number__TELFX
TELTX,Teletex__TELTX
TELX1,Telex__TELX1
TXJCD,Tax_Jur__TXJCD
VBUND,Trading_partner__VBUND
WERKR,Plant_relevant__WERKR
WERKS,Plant__WERKS
XCPDK,One_time_acct__XCPDK
XZEMP,Payee_in_doc__XZEMP
