﻿Field Name,Exported_Name
AEDAT,Changed_on__AEDAT
AKSTL,Reqcost_center__AKSTL
ASTNR,Applicant_no__ASTNR
BWSTSYS0,BW_Status_SYS0__BWSTSYS0
CGPL_GUID16,CGPL_GUID__CGPL_GUID16
CPR_GUID,CGPL_GUID__CPR_GUID
CPR_GUID_ODP,CPR_GUID_ODP
ERDAT,Created_On__ERDAT
FKSTL,Resp_cost_cntr__FKSTL
GUID,GUID__GUID
GUID_ODP,GUID_ODP
GUID16_ODP,GUID16_ODP
ISIZE,Scale__ISIZE
IZWEK,Invest_reason__IZWEK
KOSTL,Cost_Center__KOSTL
MANDTHTG,Client__MANDTHTG
OBJNR,Object_number__OBJNR
PBUKR,Company_code__PBUKR
PGSBR,Busarea__PGSBR
PKOKR,CO_area__PKOKR
POSID,WBS_element__POSID
PRART,Projtype__PRART
PRCTR,Profit_Center__PRCTR
PSPEX,WBS_Element_Extern__PSPEX
PSPID,Project_def__PSPID
PSPRI,Priority__PSPRI
PWPOS,Currency__PWPOS
RHIER,ID_Strat_Pl__RHIER
ROWX,Database_Rows__ROWX
RTID,Runtime_ID__RTID
SCOPE,Object_Class__SCOPE
STUFE,Level__STUFE
VERNR,PersRespNo__VERNR
WERKS,Plant__WERKS
XSTAT,Statistical__XSTAT
