﻿Field Name,Exported_Name
ARTNR,Product__ARTNR
AUGRU,Order_reason__AUGRU
BELNR,Document_number__BELNR
BRSCH,Industry__BRSCH
BUDAT,Posting_date__BUDAT
BUKRS,Company_Code__BUKRS
BZIRK,Sales_district__BZIRK
COPACASHD,Cash_discount__COPACASHD
COPACDSCN,Cust_discnt__COPACDSCN
COPACOGS,Total_COGM__COPACOGS
COPACOGSF,Total_fixed_COGM__COPACOGSF
COPACOGSV,Total_var_COGM__COPACOGSV
COPADIRSL,DirSales_Costs__COPADIRSL
COPADISCT,SalesDeductions__COPADISCT
COPADMATC,Direct_mat_costs__COPADMATC
COPAFRGTC,Ant_Ship_Costs__COPAFRGTC
COPAMATOH,Material_Overhd_Cst__COPAMATOH
COPAMRGN1,CM_I__COPAMRGN1
COPAMRGN2,CM_II__COPAMRGN2
COPAMRGN3,CM_III__COPAMRGN3
COPANETRV,Net_revenue__COPANETRV
COPANETSL,Net_sales__COPANETSL
COPAODSCN,Misc_Sales_Ded__COPAODSCN
COPAOHADM,Admin_Overhead__COPAOHADM
COPAOHLOG,Logistical_Overhead__COPAOHLOG
COPAOHMRK,Marketing_Overhead__COPAOHMRK
COPAOHOTH,Other_Overhead_Costs__COPAOHOTH
COPAOHRND,R__AND__D_Overhead__COPAOHRND
COPAOHSLS,Sales_Overhead__COPAOHSLS
COPAOVHDC,Total_Overhead_Cst__COPAOVHDC
COPAPDSCN,Prod_Discount__COPAPDSCN
COPAPRDCF,Fixed_prod_costs__COPAPRDCF
COPAPRDCV,Variable_Prod_Costs__COPAPRDCV
COPAPROFT,Operating_profit__COPAPROFT
COPAQDSCN,Qty_discount__COPAQDSCN
COPAREBAT,Rebates__COPAREBAT
COPAREVEN,Revenue__COPAREVEN
COPASCOMM,Sales_Commission__COPASCOMM
COPASDIRS,SDC_from_Sales__COPASDIRS
COPASLQTU,Sales_unit__COPASLQTU
COPASLQTY,Sales_quantity__COPASLQTY
COPASPROM,Promotion__COPASPROM
COPAUSR01,Ratio_1__COPAUSR01
COPAUSR02,Ratio_2__COPAUSR02
COPAUSR03,Key_Figure_3__COPAUSR03
COPAUSR04,Key_Figure_4__COPAUSR04
COPAVRNCS,Total_Variances__COPAVRNCS
CRMCSTY,CRM_Cost_Elmnt__CRMCSTY
CRMELEM,Marketing_Element__CRMELEM
CURTYPE,Currency_type__CURTYPE
FADAT,Billing_Date__FADAT
FKART,Billing_Type__FKART
GJAHR,Fiscal_Year__GJAHR
GSBER,Business_Area__GSBER
HIE01,CustomerHier01__HIE01
HIE02,CustomerHier02__HIE02
HIE03,CustomerHier03__HIE03
KAUFN,Sales_Order__KAUFN
KDGRP,Customer_group__KDGRP
KDPOS,Sales_ord_item__KDPOS
KNDNR,Customer__KNDNR
KOKRS,CO_Area__KOKRS
KSTAR,Cost_Element__KSTAR
KSTRG,Cost_Object__KSTRG
KTOPL,Chart_of_Accts__KTOPL
KUKLA,Customer_Class__KUKLA
KUNWE,Ship_To_Party__KUNWE
LAND1,Country__LAND1
MANDTHTG,Client__MANDTHTG
MATKL,Material_Group__MATKL
MVGR1,MaterialGroup_1__MVGR1
PAPH1,ProdHier01_1__PAPH1
PAPH2,ProdHier01_2__PAPH2
PAPH3,ProdHier01_3__PAPH3
PAREG,Countryregion__PAREG
PERIO,Period_year__PERIO
PERIV,FiYear_Variant__PERIV
POSNR,Item_number__POSNR
PPRCTR,Partner_PC__PPRCTR
PRCTR,Profit_Center__PRCTR
PRZNR,Sender_BProc__PRZNR
PSPNR,WBS_element__PSPNR
RBELN,Refdocnumber__RBELN
REC_WAERS,Record_Currency__REC_WAERS
REGIO,Region__REGIO
RKAUFNR,Order__RKAUFNR
ROWX,Database_Rows__ROWX
RPOSN,Reference_item__RPOSN
RTID,Runtime_ID__RTID
SKOST,Sender_cost_ctr__SKOST
SORHIST,Sales_ordhist__SORHIST
SPART,Division__SPART
STO_BELNR,Canceled_doc__STO_BELNR
STO_POSNR,Canceled_item__STO_POSNR
VALUTYP,Valuation__VALUTYP
VERSI,Version__VERSI
VKBUR,Sales_Office__VKBUR
VKGRP,Sales_Group__VKGRP
VKORG,Sales_Org__VKORG
VRGAR,Record_Type__VRGAR
VRTNR,Sales_employee__VRTNR
VTWEG,Distr_Channel__VTWEG
VV010,Revenue__VV010
VV020,Quantity_discount__VV020
VV030,Customer_discount__VV030
VV040,Material_discount__VV040
VV060,Other_rebates__VV060
VV070,Accrued_Sales_deduc__VV070
VV075,Actual_Sales_deduc__VV075
VV090,Accrued_bonus__VV090
VV095,oth_sales_deduct__VV095
VV100,Outgoing_freight__VV100
VV110,Accrued_freight__VV110
VV120,Dispatch_packaging__VV120
VV130,Internal_sales_Comm__VV130
VV140,Cost_of_goods_sold__VV140
VV145,COGS_alternative__VV145
VV150,Material_Input__VV150
VV151,Actual_Mat_Input__VV151
VV155,Grace_costs__VV155
VV160,Trading_Goods__VV160
VV170,Production_Labor_fix__VV170
VV171,Act_Fxd_Prod_Costs__VV171
VV180,Production_Labor_var__VV180
VV181,Act_Var_ProdCosts__VV181
VV190,Production_Setup__VV190
VV191,Actual_Setup_Costs__VV191
VV200,Produc_machine_fix__VV200
VV201,Act_Fxd_Machine_Hrs__VV201
VV210,Produc_machine_var__VV210
VV211,Act_Var_Machine_Hrs__VV211
VV220,Produc_Burn_in_fix__VV220
VV230,Produc_Burn_in_var__VV230
VV240,Outside_Processing__VV240
VV250,Material_Overhead__VV250
VV251,Actual_Mat_Overhead__VV251
VV260,Administr_Overhead__VV260
VV270,Sales_Overhead__VV270
VV280,Miscellaneous_Costs__VV280
VV290,Price_variance__VV290
VV300,Quant_Variance_Mat__VV300
VV310,Quant_Variance_Prod__VV310
VV320,Lot_size_Variance__VV320
VV330,Usage_variance__VV330
VV340,Input_Variances__VV340
VV350,Scrap__VV350
VV360,Remaining_Variances__VV360
VV364,Mixed_price_variance__VV364
VV365,Price_differences__VV365
VV366,Other_Actual_Costs__VV366
VV367,S_A_Costs__Actual__VV367
VV368,Process_Prod_Act__VV368
VV370,GenAdmin_costs_CCA__VV370
VV380,General_Marketcosts__VV380
VV390,Distribution_costs__VV390
VV400,Production_costs__VV400
VV410,Marketing_activities__VV410
VV420,Research__AND__Develop__VV420
VV430,Reservfimminent_lo__VV430
VV440,CorrMaterial_Input__VV440
VV450,CorrManufCosts_fix__VV450
VV460,CorrManufCosts_var__VV460
VV470,CorrOverhead_Costs__VV470
VV480,Maintenance__VV480
VV495,Number_of_employees__VV495
VV495_ME,Un_Number_of_em__VV495_ME
VV500,Process_Production__VV500
VV510,ProcessProcurement__VV510
VV520,Process_Sales__VV520
VV530,Process_Admin__VV530
VV550,Nosales_order_items__VV550
VV550_ME,Un_Nosales_ord__VV550_ME
VV560,No_of_pymt_problems__VV560
VV560_ME,Un_No_of_pymt__VV560_ME
VV570,No_purchase_orders__VV570
VV570_ME,Un_No_purchase__VV570_ME
VV580,No_goods_receipts__VV580
VV580_ME,Un_No_goods_re__VV580_ME
VV713,Advertising__VV713
VV810,No_of_Inquiries__VV810
VV810_ME,Un_No_of_Inqui__VV810_ME
VV820,No_of_Complaints__VV820
VV820_ME,Un_No_of_Compl__VV820_ME
VV830,Cost_of_Inquiries__VV830
VV840,Cost_of_Complaints__VV840
VV900,Revenue_fee__VV900
VV910,Revfrexp_travel__VV910
VV915,Revenues_Ext_acty__VV915
VV920,Sales_deductions__VV920
VV930,No_of_labor_hours__VV930
VV930_ME,Un_No_of_labor__VV930_ME
VV931,No_of_hours_billed__VV931
VV931_ME,Un_No_of_hours__VV931_ME
VV940,Cost_of_labor_hours__VV940
VV950,Travel_expenses__VV950
VV960,Other_expenses__VV960
VV970,Ext_activity_costs__VV970
VV999,X_Technical__VV999
VVGRW,Gross_weight__VVGRW
VVGRW_ME,Un_Gross_weight__VVGRW_ME
VVIQT,Invoiced_quantity__VVIQT
VVIQT_ME,Un_Invoiced_qua__VVIQT_ME
VVK10,Group_price__VVK10
VVK15,Group_Material__VVK15
VVK20,Group_Mat_OH_costs__VVK20
VVK25,Group_Production__VVK25
VVK30,Group_Misc__VVK30
VVO10,PCA_Int_revenues__VVO10
VVO20,PCA_Int_costs__VVO20
VVOQT,Ordered_quantity__VVOQT
VVOQT_ME,Un_Ordered_quan__VVOQT_ME
VVOQU,PCA_Delivery_qty__VVOQU
VVOQU_ME,Un_PCA_Deliver__VVOQU_ME
VVSQT,Invoic_qty_in_SKU__VVSQT
VVSQT_ME,Un_Invoic_qty__VVSQT_ME
VVSTU,Standard_Unit_of_M__VVSTU
VVSTU_ME,Un_Standard_Uni__VVSTU_ME
WADAT,Goods_Issue__WADAT
WERKS,Plant__WERKS
WRTTP,Value_Type__WRTTP
WWCST,Country_Ship_to__WWCST
WWICI,Intercompany_ind__WWICI
WWMEA,Measurements__WWMEA
WWPH1,Prodhier1_bef_45__WWPH1
WWPH2,Prodhier2_bef_45__WWPH2
WWPH3,Prodhier3_bef_45__WWPH3
WWPRC,Product_category__WWPRC
WWPRO,Promotion__WWPRO
WWQUA,Quality__WWQUA
WWREG,Region_before_45__WWREG
WWRST,InternRegion_Ship_t__WWRST
WWSBU,Strategic_BusUnit__WWSBU
WWSDL,Sales_deal__WWSDL
WWSOP,Prodgroup_for_SOP__WWSOP
WWSUR,User_interface__WWSUR
