﻿Field Name,Exported_Name
ABGRU,RejectionReason__ABGRU
ABSTA,Rejection_stat__ABSTA
ANZOAUPO,Open_Order_Items__ANZOAUPO
BUKRS,Company_Code__BUKRS
BZIRK,Sales_district__BZIRK
CHARG,Batch__CHARG
EAN11,EAN_UPC__EAN11
ERDAT,Created_On__ERDAT
FAKSK,Billing_block__FAKSK
FAKSP,Billing_block__FAKSP
HWAER,Local_Currency__HWAER
INCO1,Incoterms__INCO1
INCO2,Incoterms_2__INCO2
KDGRP,Customer_group__KDGRP
KUNNR,Sold_To_Party__KUNNR
KURSK,Exchange_Rate__KURSK
KURSK_DAT,Translation_dte__KURSK_DAT
KURST,Exch_Rate_Type__KURST
KVGR1,Customer_grp_1__KVGR1
KVGR2,Customer_grp_2__KVGR2
KVGR3,Customer_grp_3__KVGR3
KVGR4,Customer_grp_4__KVGR4
KVGR5,Customer_grp_5__KVGR5
LFIMG_AVME,Delivery_qty__LFIMG_AVME
LIFSK,Delivery_block__LIFSK
MANDTHTG,Client__MANDTHTG
MATKL,Material_Group__MATKL
MATNR,Material__MATNR
MATWA,MaterialEntered__MATWA
MCBW_LFWRT,Del_Order_Value__MCBW_LFWRT
MCBW_NETPR_AVKM,NtPrSlsQtyOrItm__MCBW_NETPR_AVKM
MCEX_APCAMPAIGN,Campaign_order_item__MCEX_APCAMPAIGN
MEINS,Base_Unit__MEINS
MVGR1,MaterialGroup_1__MVGR1
MVGR2,MaterialGroup_2__MVGR2
MVGR3,MaterialGroup_3__MVGR3
MVGR4,MaterialGroup_4__MVGR4
MVGR5,MaterialGroup_5__MVGR5
OAUME,Open_orders_qty__OAUME
OAUWE,Open_orders__OAUWE
PERIV,FiYear_Variant__PERIV
PKUNRE,Bill_To_Party__PKUNRE
PKUNRG,Payer__PKUNRG
PKUNWE,Ship_To_Party__PKUNWE
POSNR,Item__POSNR
PRODH,Prod_Hierarchy__PRODH
PS_POSID,WBS_element__PS_POSID
PSPDNR,FwdAgent__PSPDNR
PVRTNR,Sales_employee__PVRTNR
ROCANCEL,Cancel_Ind__ROCANCEL
ROUTE,Route__ROUTE
ROWX,Database_Rows__ROWX
RTID,Runtime_ID__RTID
SHKZG,Returns__SHKZG
SPARA,Division__SPARA
SPART,Division__SPART
STADAT,Statistics_date__STADAT
STCUR,Exchrate_stats__STCUR
STWAE,Stats_Currency__STWAE
UMVKN,Denominat__UMVKN
UMVKZ,Numerator__UMVKZ
VBELN,Sales_Document__VBELN
VBTYP,Document_cat__VBTYP
VKBUR,Sales_Office__VKBUR
VKGRP,Sales_Group__VKGRP
VKORG,Sales_Org__VKORG
VOLEH,Volume_Unit__VOLEH
VRKME,Sales_Unit__VRKME
VSTEL,Shipping_Point__VSTEL
VTWEG,Distr_Channel__VTWEG
WAERK,Doc_Currency__WAERK
WAKTION,Promotion__WAKTION
WERKS,Plant__WERKS
