﻿Field Name,Exported_Name
AEDAT,Created_On__AEDAT
AFNAM,Requisitioner__AFNAM
AKTNR,Promotion__AKTNR
ANLN1,Asset__ANLN1
ANLN2,Sub_number__ANLN2
APLZL,Counter__APLZL
AUFNR,Order__AUFNR
AUFPL,Plan_nofoper__AUFPL
BEDAT,Document_Date__BEDAT
BSART,Document_Type__BSART
BSGRU,Reason_for_Ord__BSGRU
BSTYP,Document_cat__BSTYP
BUKRS,Company_Code__BUKRS
BWAPPLNM,Application_comp__BWAPPLNM
BWVORG,Transfer_process__BWVORG
EBELN,Purchasing_Doc__EBELN
EBELP,Item__EBELP
EFFHW,Local_PO_Value__EFFHW
EFFWR,PO_value__EFFWR
EKGRP,Purch_Group__EKGRP
EKORG,Purchasing_Org__EKORG
ELIKZ,Deliv_Compl__ELIKZ
EMATN,Material__EMATN
EREKZ,Final_Invoice__EREKZ
FIKRS,FM_Area__FIKRS
FIPOS,Commitment_item__FIPOS
FISTL,Funds_center__FISTL
FKBER,Functional_Area__FKBER
GEBER,Fund__GEBER
GRANT_NBR,Grant__GRANT_NBR
GSBER,Business_Area__GSBER
HWAER,Local_Currency__HWAER
KBLNR,Earmarked_Funds__KBLNR
KBLPOS,Document_item__KBLPOS
KDATB,Validity_Start__KDATB
KDATE,Validity_End__KDATE
KNTTP,Acct_Assgmt_Cat__KNTTP
KOKRS,CO_Area__KOKRS
KONNR,Agreement__KONNR
KOSTL,Cost_Center__KOSTL
KSTRG,Cost_Object__KSTRG
KTOPL,Chart_of_Accts__KTOPL
KTPNR,Agreement_item__KTPNR
LGORT,Storage_Loc__LGORT
LIFNR,Vendor__LIFNR
LIFRE,Invoicing_Pty__LIFRE
LLIEF,Suppl_Vendor__LLIEF
LMEIN,Base_Unit__LMEIN
LOGSY,Logical_System__LOGSY
MANDTHTG,Client__MANDTHTG
MATKL,Material_Group__MATKL
MATNR,Material__MATNR
MEINS,Order_Unit__MEINS
MENGE,Quantity__MENGE
MWSKZ,Tax_Code__MWSKZ
NAVNW,Non_deductible__NAVNW
NETHW,Local_Net_Order_Val__NETHW
NETPR,Net_price__NETPR
NETWR,Net_Value__NETWR
NPLNR,Network__NPLNR
ORGLOGSY,Logical_System__ORGLOGSY
PAOBJNR,Profit_Segment__PAOBJNR
PEINH,Price_unit__PEINH
PRCTR,Profit_Center__PRCTR
PS_PSP_PNR,WBS_element__PS_PSP_PNR
PSTYP,Item_category__PSTYP
RESWK,Supplying_Plant__RESWK
ROCANCEL,Cancel_Ind__ROCANCEL
ROWX,Database_Rows__ROWX
RTID,Runtime_ID__RTID
SAKTO,G_L_Account__SAKTO
STATU,Status__STATU
SYDAT,Entry_date__SYDAT
TWRKZ,Partial_invoice__TWRKZ
TXZ01,Short_Text__TXZ01
UMREN,Denominator__UMREN
UMREZ,Equal_To__UMREZ
VBELN,Sales_Document__VBELN
VBELP,Item__VBELP
VPROZ,Distribution__VPROZ
VRTKZ,Distribution__VRTKZ
WAERS,Order_currency__WAERS
WEBRE,GR_Based_IV__WEBRE
WERKS,Plant__WERKS
WKURS,Exchange_Rate__WKURS
XBAUF,To_order__XBAUF
XBKST,Posting_to_cost_cent__XBKST
XBPRO,To_project__XBPRO
XERSY,ERS__XERSY
ZEKKN,SeqNoAccAss__ZEKKN
