﻿Field Name,Exported_Name
BMENG,Confirmed_Qty__BMENG
ETENR,Schedule_Line__ETENR
LFGSA,Overall_dlvst__LFGSA
LFSTA,Delivery_status__LFSTA
LIFSP,Delivery_block__LIFSP
MANDTHTG,Client__MANDTHTG
MCEX_B_LFDAT,Delivery_Date__MCEX_B_LFDAT
MCEX_B_LFUHR,Delivery_Time__MCEX_B_LFUHR
MCEX_B_WADAT,PG_Issue_Date__MCEX_B_WADAT
MCEX_I_LFDAT,Act_Dlvry_Date__MCEX_I_LFDAT
MCEX_I_LFDATLATE,Last_ActDelDate__MCEX_I_LFDATLATE
MCEX_I_LFUHR,Act_Del_Time__MCEX_I_LFUHR
MCEX_I_LFUHRLATE,Act_Del_Time__MCEX_I_LFUHRLATE
MCEX_I_WADAT,ActGdsMvmt_Date__MCEX_I_WADAT
MCEX_I_WADATLATE,Last_Act_GM_Date__MCEX_I_WADATLATE
MCEX_W_LFDAT,Rqstd_deliv_date__MCEX_W_LFDAT
MCEX_W_LFUHR,Requested_dely_time__MCEX_W_LFUHR
MCEX_WBSTA_LOW,Smallest_GM_Status__MCEX_WBSTA_LOW
MEINS,Base_Unit__MEINS
POSNR,Item__POSNR
POSNR_VL,Item__POSNR_VL
RECORD_DELETED,Sched_Lines_Del__RECORD_DELETED
ROCANCEL,Cancel_Ind__ROCANCEL
ROWX,Database_Rows__ROWX
RTID,Runtime_ID__RTID
UMVKN,Denominat__UMVKN
UMVKZ,Numerator__UMVKZ
VBELN,Sales_Document__VBELN
VBELN_VL,Delivery__VBELN_VL
VBEP_DELETED,SL_Deleted__VBEP_DELETED
VBTYP,Document_cat__VBTYP
VRKME,Sales_Unit__VRKME
VSMNG,Delivery_Qty__VSMNG
WBSTA,GoodsMovementSt__WBSTA
WMENG,Requested_Qty__WMENG
