﻿Field Name,Exported_Name
BASME,Base_unit__BASME
BSTWA,Order_currency__BSTWA
EKORG,Purchasing_Org__EKORG
HWAER,Local_Currency__HWAER
LIFNR,Vendor__LIFNR
MANDTHTG,Client__MANDTHTG
MATKL,Material_Group__MATKL
MEINS,Base_Unit__MEINS
PERIV,FiYear_Variant__PERIV
QUAN,Order_quantity__QUAN
QUAN_ACC,Accepted_quantity__QUAN_ACC
QUAN_IV,Invoice_qty__QUAN_IV
ROWX,Database_Rows__ROWX
RTID,Runtime_ID__RTID
SPBUP,Fiscal_year_period__SPBUP
SPMON,Cal_year__month__SPMON
SPTAG,Calendar_day__SPTAG
SPWOC,Calendar_year__week__SPWOC
SRVPOS,Activity_number__SRVPOS
STORNO,Cancel__STORNO
VAL,PO_value__VAL
VAL_ACC,Accepted_value__VAL_ACC
VAL_ACCUP,Unplanned_portion__VAL_ACCUP
VAL_ACCUP2,Unpl_val_w_o_cont__VAL_ACCUP2
VAL_IV,Invoice_value__VAL_IV
VRSIO,Version__VRSIO
WERKS,Plant__WERKS
WRTTP,Value_Type__WRTTP
