﻿Field Name,Exported_Name
ANZFK,No_Bill_Docs__ANZFK
BUKRS,Company_Code__BUKRS
BZIRK,Sales_district__BZIRK
ERDAT,Created_On__ERDAT
FKART,Billing_Type__FKART
FKDAT,Billing_Date__FKDAT
FKTYP,BillingCategory__FKTYP
HWAER,Local_Currency__HWAER
KDGRP,Customer_group__KDGRP
KUNAG,Sold_To_Party__KUNAG
KUNRG,Payer__KUNRG
KURRF,Exchrate_acct__KURRF
KURST,Exch_Rate_Type__KURST
MANDTHTG,Client__MANDTHTG
PERIV,FiYear_Variant__PERIV
PVRTNR,Sales_employee__PVRTNR
ROCANCEL,Cancel_Ind__ROCANCEL
ROWX,Database_Rows__ROWX
RTID,Runtime_ID__RTID
STWAE,Stats_Currency__STWAE
VBELN,Sales_Document__VBELN
VBTYP,Document_cat__VBTYP
VKORG,Sales_Org__VKORG
VTWEG,Distr_Channel__VTWEG
WAERK,Doc_Currency__WAERK
