﻿Field Name,Exported_Name
AEDAT,Changed_On__AEDAT
AKTNR,Promotion__AKTNR
ANZFKPOS,No_Bill_Item__ANZFKPOS
AUBEL,Sales_Document__AUBEL
AUPOS,Item__AUPOS
BONBA,Rebate_basis__BONBA
BONUS,Vol_rebate_grp__BONUS
BRGEW,Gross_weight__BRGEW
BRTWR,Gross_value__BRTWR
BUKRS,Company_Code__BUKRS
BWAPPLNM,Application_comp__BWAPPLNM
BWVORG,Transfer_process__BWVORG
BZIRK,Sales_district__BZIRK
CHARG,Batch__CHARG
EAN11,EAN_UPC__EAN11
ERDAT,Created_On__ERDAT
FAREG,Billing_rule__FAREG
FBUDA,Servrendered__FBUDA
FKART,Billing_Type__FKART
FKDAT,Billing_Date__FKDAT
FKIMG,Billed_qty__FKIMG
FKLMG,Billqty_in_SKU__FKLMG
FKTYP,BillingCategory__FKTYP
GEWEI,Weight_Unit__GEWEI
HWAER,Local_Currency__HWAER
KDGRP,Customer_group__KDGRP
KNUMA_AG,Sales_deal__KNUMA_AG
KOKRS,CO_Area__KOKRS
KOSTL,Cost_Center__KOSTL
KUNAG,Sold_To_Party__KUNAG
KUNRG,Payer__KUNRG
KURRF,Exchrate_acct__KURRF
KURSK,Exchange_Rate__KURSK
KURSK_DAT,Translation_dte__KURSK_DAT
KURST,Exch_Rate_Type__KURST
KVGR1,Customer_grp_1__KVGR1
KVGR2,Customer_grp_2__KVGR2
KVGR3,Customer_grp_3__KVGR3
KVGR4,Customer_grp_4__KVGR4
KVGR5,Customer_grp_5__KVGR5
KZWI1,Subtotal_1__KZWI1
KZWI2,Subtotal_2__KZWI2
KZWI3,Subtotal_3__KZWI3
KZWI4,Subtotal_4__KZWI4
KZWI5,Subtotal_5__KZWI5
KZWI6,Subtotal_6__KZWI6
LGORT,Storage_Loc__LGORT
LMENG,Required_qty__LMENG
MANDTHTG,Client__MANDTHTG
MATKL,Material_Group__MATKL
MATNR,Material__MATNR
MATWA,MaterialEntered__MATWA
MCEX_APCAMPAIGN,Campaign_order_item__MCEX_APCAMPAIGN
MEINS,Base_Unit__MEINS
MVGR1,MaterialGroup_1__MVGR1
MVGR2,MaterialGroup_2__MVGR2
MVGR3,MaterialGroup_3__MVGR3
MVGR4,MaterialGroup_4__MVGR4
MVGR5,MaterialGroup_5__MVGR5
MWSBP,Tax_amount__MWSBP
NETWR,Net_value__NETWR
NTGEW,Net_weight__NTGEW
PERIV,FiYear_Variant__PERIV
PKUNRE,Bill_To_Party__PKUNRE
PKUNWE,Ship_To_Party__PKUNWE
POSAR,Item_type__POSAR
POSNR,Item__POSNR
PRODH,Prod_Hierarchy__PRODH
PROVG,Commission_grp__PROVG
PRSDT,Pricing_Date__PRSDT
PS_POSID,WBS_element__PS_POSID
PSTYV,Item_Category__PSTYV
PVRTNR,Sales_employee__PVRTNR
ROCANCEL,Cancel_Ind__ROCANCEL
ROWX,Count__ROWX
RTID,Runtime_ID__RTID
SKFBP,Cshdiscbas__SKFBP
SMENG,Scale_quantity__SMENG
SPARA,Division__SPARA
SPART,Division__SPART
STADAT,Statistics_date__STADAT
STCUR,Exchrate_stats__STCUR
STWAE,Stats_Currency__STWAE
UMVKN,Denominat__UMVKN
UMVKZ,Numerator__UMVKZ
VBELN,Sales_Document__VBELN
VBTYP,Document_cat__VBTYP
VDATU,UpdateDateStats__VDATU
VGBEL,Reference_Doc__VGBEL
VGPOS,Reference_Item__VGPOS
VKBUR,Sales_Office__VKBUR
VKGRP,Sales_Group__VKGRP
VKORG,Sales_Org__VKORG
VOLEH,Volume_Unit__VOLEH
VOLUM,Volume__VOLUM
VRKME,Sales_Unit__VRKME
VSTEL,Shipping_Point__VSTEL
VTWEG,Distr_Channel__VTWEG
WAERK,Doc_Currency__WAERK
WAVWR,Cost__WAVWR
WERKS,Plant__WERKS
