﻿Field Name,Exported_Name
ABLAD,Unloading_Point__ABLAD
ANZLI,No_Deliveries__ANZLI
BTGEW,Total_Weight__BTGEW
BUKRS,Company_Code__BUKRS
BZIRK,Sales_district__BZIRK
ERDAT,Created_On__ERDAT
FAKSK,Billing_block__FAKSK
GEWEI,Weight_Unit__GEWEI
INCO1,Incoterms__INCO1
INCO2,Incoterms_2__INCO2
KDGRP,Customer_group__KDGRP
KUNAG,Sold_To_Party__KUNAG
KUNNR,Ship_To_Party__KUNNR
LFART,Delivery_Type__LFART
LFDAT,Delivery_Date__LFDAT
LIFNR,Vendor__LIFNR
LIFSK,Delivery_block__LIFSK
LSTEL,Loading_Point__LSTEL
MANDTHTG,Client__MANDTHTG
MCBW_ANZPK,Noof_Packages__MCBW_ANZPK
NTGEW,Net_weight__NTGEW
PERIV,FiYear_Variant__PERIV
PKUNRE,Bill_To_Party__PKUNRE
PKUNRG,Payer__PKUNRG
PSPDNR,FwdAgent__PSPDNR
PVRTNR,Sales_employee__PVRTNR
ROCANCEL,Cancel_Ind__ROCANCEL
ROUTE,Route__ROUTE
ROWX,Database_Rows__ROWX
RTID,Runtime_ID__RTID
VBELN,Sales_Document__VBELN
VBTYP,Document_cat__VBTYP
VKORG,Sales_Org__VKORG
VOLEH,Volume_Unit__VOLEH
VOLUM,Volume__VOLUM
VSTEL,Shipping_Point__VSTEL
WA_DELAY_LF,GI_Delay__WA_DELAY_LF
WADAT,Planned_gds_mvmt__WADAT
WADAT_IST,Actual_GI_date__WADAT_IST
