﻿Field Name,Exported_Name
ABLAD,Unloading_Point__ABLAD
AEDAT,Changed_On__AEDAT
AKTNR,Promotion__AKTNR
ANZLIPOS,NoDlvItems__ANZLIPOS
BRGEW,Gross_weight__BRGEW
BUKRS,Company_Code__BUKRS
BWAPPLNM,Application_comp__BWAPPLNM
BWVORG,Transfer_process__BWVORG
BZIRK,Sales_district__BZIRK
CHARG,Batch__CHARG
EAN11,EAN_UPC__EAN11
ERDAT,Created_On__ERDAT
ERNAM,Created_By__ERNAM
ERZET,Time__ERZET
FAKSK,Billing_block__FAKSK
FAKSP,Block__FAKSP
GEWEI,Weight_Unit__GEWEI
GSBER,Business_Area__GSBER
INCO1,Incoterms__INCO1
INCO2,Incoterms_2__INCO2
KDGRP,Customer_group__KDGRP
KOMKZ,Picking_ID__KOMKZ
KOQUA,Confirmation__KOQUA
KOSTA,Picking_status__KOSTA
KUNAG,Sold_To_Party__KUNAG
KUNNR,Ship_To_Party__KUNNR
KVGR1,Customer_grp_1__KVGR1
KVGR2,Customer_grp_2__KVGR2
KVGR3,Customer_grp_3__KVGR3
KVGR4,Customer_grp_4__KVGR4
KVGR5,Customer_grp_5__KVGR5
KZVBR,Consumption__KZVBR
LFART,Delivery_Type__LFART
LFDAT,Delivery_Date__LFDAT
LFIMG,Delivery_qty__LFIMG
LGMNG,Qty_stckpunt__LGMNG
LGNUM,Warehouse_No__LGNUM
LGORT,Storage_Loc__LGORT
LGPLA,Storage_Bin__LGPLA
LGTYP,Storage_Type__LGTYP
LIFNR,Vendor__LIFNR
LIFSK,Delivery_block__LIFSK
LSTEL,Loading_Point__LSTEL
MANDTHTG,Client__MANDTHTG
MATKL,Material_Group__MATKL
MATNR,Material__MATNR
MATWA,MaterialEntered__MATWA
MCEX_APCAMPAIGN,Campaign_order_item__MCEX_APCAMPAIGN
MEINS,Base_Unit__MEINS
MVGR1,MaterialGroup_1__MVGR1
MVGR2,MaterialGroup_2__MVGR2
MVGR3,MaterialGroup_3__MVGR3
MVGR4,MaterialGroup_4__MVGR4
MVGR5,MaterialGroup_5__MVGR5
NTGEW,Net_weight__NTGEW
PERIV,FiYear_Variant__PERIV
PKUNRE,Bill_To_Party__PKUNRE
PKUNRG,Payer__PKUNRG
POSAR,Item_type__POSAR
POSNR,Item__POSNR
PRODH,Prod_Hierarchy__PRODH
PS_POSID,WBS_element__PS_POSID
PSPDNR,FwdAgent__PSPDNR
PSTYV,Item_category__PSTYV
PVRTNR,Sales_employee__PVRTNR
ROCANCEL,Cancel_Ind__ROCANCEL
ROUTE,Route__ROUTE
ROWX,Database_Rows__ROWX
RTID,Runtime_ID__RTID
SPARA,Division__SPARA
STADAT,Statistics_date__STADAT
UMVKN,Denominat__UMVKN
UMVKZ,Numerator__UMVKZ
VBEAF,Fixed_proctime__VBEAF
VBEAV,Var_proc_time__VBEAV
VBELN,Sales_Document__VBELN
VBTYP,Document_cat__VBTYP
VDATU,UpdateDateStats__VDATU
VGBEL,Reference_Doc__VGBEL
VGPOS,Reference_Item__VGPOS
VGTYP,Document_cat__VGTYP
VKBUR,Sales_Office__VKBUR
VKGRP,Sales_Group__VKGRP
VKORG,Sales_Org__VKORG
VOLEH,Volume_Unit__VOLEH
VOLUM,Volume__VOLUM
VRKME,Sales_Unit__VRKME
VSTEL,Shipping_Point__VSTEL
VTWEG,Distr_Channel__VTWEG
WA_DELAY_LF,GI_Delay__WA_DELAY_LF
WADAT,Planned_gds_mvmt__WADAT
WADAT_IST,Actual_GI_date__WADAT_IST
WBSTA,GoodsMovementSt__WBSTA
WERKS,Plant__WERKS
