﻿Field Name,Exported_Name
ABGRU,RejectionReason__ABGRU
ABSTA,Rejection_stat__ABSTA
AEDAT,Changed_On__AEDAT
ANGDT,Valid_from__ANGDT
APOPLANNED,Planning_in_APO__APOPLANNED
AUART,Sales_Doc_Type__AUART
AUGRU,Order_reason__AUGRU
AWAHR,Order_probab__AWAHR
BMENG,Confirmed_Qty__BMENG
BNDDT,Valid_to__BNDDT
BUKRS,Company_Code__BUKRS
BZIRK,Sales_district__BZIRK
CHARG,Batch__CHARG
CMENG,Corrqty__CMENG
CMKUA,Exchange_rate__CMKUA
EAN11,EAN_UPC__EAN11
EDATU,Delivery_Date__EDATU
ELOCTYPE,ExecLocType__ELOCTYPE
ERDAT,Created_On__ERDAT
ERNAM,Created_By__ERNAM
ERZET,Time__ERZET
ETENR,Schedule_Line__ETENR
ETTYP,Schedline_cat__ETTYP
EXECLOC,ExecLoc__EXECLOC
FACELOC,CustFacing_Loc__FACELOC
FAKSK,Billing_block__FAKSK
FAKSP,Billing_block__FAKSP
FBUDA,Servrendered__FBUDA
FKDAT,Billing_Date__FKDAT
FLOCTYPE,CustFacLocType__FLOCTYPE
GEWEI,Weight_Unit__GEWEI
HWAER,Local_Currency__HWAER
INCO1,Incoterms__INCO1
INCO2,Incoterms_2__INCO2
KDGRP,Customer_group__KDGRP
KMEIN,Unit_of_measure__KMEIN
KPEIN,Pricing_unit__KPEIN
KTGRD,AccAssmtGrpCust__KTGRD
KUNNR,Sold_To_Party__KUNNR
KURSK,Exchange_Rate__KURSK
KURSK_DAT,Translation_dte__KURSK_DAT
KURST,Exch_Rate_Type__KURST
KVGR1,Customer_grp_1__KVGR1
KVGR2,Customer_grp_2__KVGR2
KVGR3,Customer_grp_3__KVGR3
KVGR4,Customer_grp_4__KVGR4
KVGR5,Customer_grp_5__KVGR5
LDDAT,Loading_Date__LDDAT
LGORT,Storage_Loc__LGORT
LIFSK,Delivery_block__LIFSK
LIFSP,Delivery_block__LIFSP
LMENG,Required_qty__LMENG
LOGSYS,Logical_System__LOGSYS
MANDTHTG,Client__MANDTHTG
MATKL,Material_Group__MATKL
MATNR,Material__MATNR
MATWA,MaterialEntered__MATWA
MBDAT,MatAvailDate__MBDAT
MCEX_APCAMPAIGN,Campaign_order_item__MCEX_APCAMPAIGN
MEINS,Base_Unit__MEINS
MVGR1,MaterialGroup_1__MVGR1
MVGR2,MaterialGroup_2__MVGR2
MVGR3,MaterialGroup_3__MVGR3
MVGR4,MaterialGroup_4__MVGR4
MVGR5,MaterialGroup_5__MVGR5
NETPR,Net_price__NETPR
PABLA,UnlPt_ShiptoPar__PABLA
PERIV,FiYear_Variant__PERIV
PKUNRE,Bill_To_Party__PKUNRE
PKUNRG,Payer__PKUNRG
PKUNWE,Ship_To_Party__PKUNWE
POSNR,Item__POSNR
PRODH,Prod_Hierarchy__PRODH
PRSDT,Pricing_Date__PRSDT
PS_POSID,WBS_element__PS_POSID
PSPDNR,FwdAgent__PSPDNR
PSTYV,Item_Category__PSTYV
PVRTNR,Sales_employee__PVRTNR
ROCANCEL,Cancel_Ind__ROCANCEL
ROUTE,Route__ROUTE
ROWX,Database_Rows__ROWX
RTID,Runtime_ID__RTID
SLOCTYPE,Location_Type__SLOCTYPE
SPARA,Division__SPARA
SPART,Division__SPART
STADAT,Statistics_date__STADAT
STCUR,Exchrate_stats__STCUR
STOCKLOC,Location__STOCKLOC
STWAE,Stats_Currency__STWAE
SUGRD,Reasn__SUGRD
TDDAT,TranspPlngDate__TDDAT
UMVKN,Denominat__UMVKN
UMVKZ,Numerator__UMVKZ
UMZIN,Conversfactor__UMZIN
UMZIZ,Conversfactor__UMZIZ
UVALL,Item__UVALL
UVFAK,Item_billdata__UVFAK
UVPRS,Pricing__UVPRS
UVVLK,Item_delivdata__UVVLK
VBELN,Sales_Document__VBELN
VBTYP,Document_cat__VBTYP
VDATU,UpdateDateStats__VDATU
VGTYP,Precdoccateg__VGTYP
VGTYP_AK,Sales_Doc_Cat_Ref__VGTYP_AK
VKBUR,Sales_Office__VKBUR
VKGRP,Sales_Group__VKGRP
VKORG,Sales_Org__VKORG
VOLEH,Volume_Unit__VOLEH
VRKME,Sales_Unit__VRKME
VSTEL,Shipping_Point__VSTEL
VTWEG,Distr_Channel__VTWEG
VWPOS,Item_usage__VWPOS
WADAT,Goods_Issue__WADAT
WAERK,Doc_Currency__WAERK
WAERK_VBAK,Doc_Currency__WAERK_VBAK
WERKS,Plant__WERKS
WLDATBE,DesDelD_ConSL__WLDATBE
WMENG,Order_quantity__WMENG
ZIEME,Target_qty_UoM__ZIEME
