﻿Field Name,Exported_Name
BELNR,Material_Doc__BELNR
BUZEI,Mat_DocItem__BUZEI
BWVORG,BWTrans_Key__BWVORG
EBELN,Purchasing_Doc__EBELN
EBELP,Item__EBELP
GMVPDT,PurchOrderDate__GMVPDT
GMVQTY,Goods_Movement_Qty__GMVQTY
MANDTHTG,Client__MANDTHTG
MEINS,Order_Unit__MEINS
OPNQTY,Open_Quantity__OPNQTY
ROCANCEL,Cancel_Ind__ROCANCEL
ROWX,Database_Rows__ROWX
RTID,Runtime_ID__RTID
SCLDT,Delivery_date__SCLDT
SCLNR,Schedule_Line__SCLNR
SCLQTY,Scheduled_Qty__SCLQTY
SCLTM,Time__SCLTM
TTLQTY,Assigned_Quantity__TTLQTY
UMREN,Denominator__UMREN
UMREZ,Equal_To__UMREZ
