﻿Field Name,Exported_Name
AKTNR,Promotion__AKTNR
ATTYP,Matl_Category__ATTYP
AUFNR,Order__AUFNR
AUFPL,Plan_nofoper__AUFPL
BKLAS,Valuation_Class__BKLAS
BLDAT,Document_Date__BLDAT
BNBTR,Delivery_costs__BNBTR
BSTAUS,LIS_stk_values__BSTAUS
BSTTYP,Stock_cat_LIS__BSTTYP
BUDAT,Posting_Date__BUDAT
BUKRS,Company_Code__BUKRS
BWAPPLNM,Application_comp__BWAPPLNM
BWART,Movement_type__BWART
BWBREL,BW_Stock_Rel__BWBREL
BWCOUNTER,BW_Line_ID__BWCOUNTER
BWGEO,BWCValLocCrcy__BWGEO
BWGVO,BWCValLocCrcy__BWGVO
BWGVP,BW_RtlTLocCrcy__BWGVP
BWKEY,Valuation_Area__BWKEY
BWMNG,BW_Qty_BUn__BWMNG
BWPSPEX,WBS_Element_Extern__BWPSPEX
BWTAR,Valuation_Type__BWTAR
BWVORG,Transfer_process__BWVORG
CHARG,Batch__CHARG
DMBTR,LC_amount__DMBTR
EBELN,Purchasing_Doc__EBELN
EBELP,Item__EBELP
ERFME,Unit_of_Entry__ERFME
ERFMG,Quantity_in_UnE__ERFMG
GRUND,Reason_for_mvt__GRUND
GSBER,Business_Area__GSBER
INVKZ,Phys_inventory__INVKZ
ITEM_CAT,Item_Type_RT__ITEM_CAT
KDAUF,Sales_Order__KDAUF
KDEIN,SOrder_schedule__KDEIN
KDPOS,Sales_ord_item__KDPOS
KOKRS,CO_Area__KOKRS
KORR,Inventory_corr__KORR
KOSTL,Cost_Center__KOSTL
KSTRG,Cost_Object__KSTRG
KUNNR,Customer__KUNNR
KZBEW,Movement_ind__KZBEW
KZBWS,Valuation__KZBWS
LGNUM,Warehouse_No__LGNUM
LGORT,Storage_Loc__LGORT
LGPLA,Storage_Bin__LGPLA
LGTYP,Storage_Type__LGTYP
LIFNR,Vendor__LIFNR
MANDTHTG,Client__MANDTHTG
MATNR,Material__MATNR
MATST,Structured_matl__MATST
MBLNR,Material_Doc__MBLNR
MEINS,Base_Unit__MEINS
MENGE,Quantity__MENGE
MJAHR,Mat_Doc_Year__MJAHR
NOPOS,Counter_Items__NOPOS
NPLNR,Network__NPLNR
PALAN,No_of_pallets__PALAN
PAOBJNR,Profit_Segment__PAOBJNR
PERIV,FiYear_Variant__PERIV
PRCTR,Profit_Center__PRCTR
PS_PSP_PNR,WBS_Element__PS_PSP_PNR
REC_TYPE,Record_Type_EA_RT__REC_TYPE
RETKZ,Ret_from_call__RETKZ
ROCANCEL,Cancel_Ind__ROCANCEL
ROWX,Database_Rows__ROWX
RTID,Runtime_ID__RTID
SAKTO,G_L_Account__SAKTO
SAUTO,Auto_created__SAUTO
SHKZG,Debit_Credit__SHKZG
SOBKZ,Special_Stock__SOBKZ
UMLKZ,Stock_transfer__UMLKZ
UMMATKZ,TranPstMatlMatl__UMMATKZ
UMWRK,Receiving_plant__UMWRK
VKSTA,SalVal_w_o_VAT__VKSTA
VKSTT,SalVal_inc_VAT__VKSTT
VLFKZ,Plant_cat__VLFKZ
WAERS,Local_Currency__WAERS
WAERSST,Currency__WAERSST
WEMPF,Recipient__WEMPF
WERKS,Plant__WERKS
ZEILE,Mat_DocItem__ZEILE
