﻿Field Name,Exported_Name
AKTNR,Promotion__AKTNR
BELNR,Document_Number__BELNR
BKLAS,Valuation_Class__BKLAS
BLDAT,Document_Date__BLDAT
BSTAUS,LIS_stk_values__BSTAUS
BSTTYP,Stock_cat_LIS__BSTTYP
BUDAT,Posting_Date__BUDAT
BUKRS,Company_Code__BUKRS
BWAPPLNM,Application_comp__BWAPPLNM
BWART,Movement_type__BWART
BWGEO,BWCValLocCrcy__BWGEO
BWGVO,BWCValLocCrcy__BWGVO
BWGVP,BW_RtlTLocCrcy__BWGVP
BWKEY,Valuation_Area__BWKEY
BWMNG,BW_Qty_BUn__BWMNG
BWVORG,Transfer_process__BWVORG
DMBTR,LC_amount__DMBTR
GJAHR,Fiscal_Year__GJAHR
GSBER,Business_Area__GSBER
KOKRS,CO_Area__KOKRS
KOSTL,Cost_Center__KOSTL
KUNNR,Customer__KUNNR
KZBWS,Valuation__KZBWS
LIFNR,Vendor__LIFNR
MANDTHTG,Client__MANDTHTG
MATNR,Material__MATNR
MEINS,Base_Unit__MEINS
MENGE,Quantity__MENGE
NOPOS,Counter_Items__NOPOS
PERIV,FiYear_Variant__PERIV
ROCANCEL,Cancel_Ind__ROCANCEL
ROWX,Database_Rows__ROWX
RTID,Runtime_ID__RTID
SAKTO,G_L_Account__SAKTO
SHKZG,Debit_Credit__SHKZG
SOBKZ,Special_Stock__SOBKZ
WAERS,Local_Currency__WAERS
WERKS,Plant__WERKS
