﻿Field Name,Exported_Name
AANFP,RFQ_items__AANFP
AANFR,RFQs__AANFR
AANGP,Quotation_Items__AANGP
ABEST,Purchase_orders__ABEST
ABSTE,PO_item_schdLns__ABSTE
ABSTP,Order_items__ABSTP
AKONP,Contract_items__AKONP
AKONT,Contracts__AKONT
ALFPE,Delivery_scheds__ALFPE
ALFPL,SchedAgreements__ALFPL
ALFPP,Schedagmtitms__ALFPP
ALIEF,Deliveries__ALIEF
EKGRP,Purch_Group__EKGRP
EKORG,Purchasing_Org__EKORG
HWAER,Local_Currency__HWAER
LIFNR,Vendor__LIFNR
MANDTHTG,Client__MANDTHTG
NETWR,PO_value__NETWR
PERIV,FiYear_Variant__PERIV
REWRT,Invoice_Amount__REWRT
ROWX,Database_Rows__ROWX
RTID,Runtime_ID__RTID
SPBUP,Fiscal_year_period__SPBUP
SPMON,Cal_year__month__SPMON
SPTAG,Calendar_day__SPTAG
SPWOC,Calendar_year__week__SPWOC
STORNO,Cancel__STORNO
VRSIO,Version__VRSIO
WRTTP,Value_Type__WRTTP
