﻿Field Name,Exported_Name
ACRN_ID,Funding_ID__ACRN_ID
AEDAT,Changed_On__AEDAT
AKTNR,Promotion__AKTNR
AUBEL,Sales_Document__AUBEL
AUPOS,Item__AUPOS
BONUS,Vol_rebate_grp__BONUS
BUKRS,Company_Code__BUKRS
BWAPPLNM,Application_comp__BWAPPLNM
BWVORG,Transfer_process__BWVORG
BZIRK,Sales_district__BZIRK
EAN11,EAN_UPC__EAN11
ERDAT,Created_On__ERDAT
ERNAM,Created_By__ERNAM
FBUDA,Servrendered__FBUDA
FKART,Billing_Type__FKART
FKDAT,Billing_Date__FKDAT
FKIMG,Billed_qty__FKIMG
FKTYP,BillingCategory__FKTYP
FSH_COLLECTION,Collection__FSH_COLLECTION
FSH_SEASON,Season__FSH_SEASON
FSH_SEASON_YEAR,Season_Year__FSH_SEASON_YEAR
FSH_THEME,Theme__FSH_THEME
HWAER,Local_Currency__HWAER
KAPPL,Application__KAPPL
KDGRP,Customer_group__KDGRP
KHERK,Conditorigin__KHERK
KINAK,Inactive__KINAK
KNTYP,Conditcategory__KNTYP
KOAID,Condition_class__KOAID
KOKRS,CO_Area__KOKRS
KOSTL,Cost_Center__KOSTL
KSCHL,Condition_type__KSCHL
KSTAT,Statistical__KSTAT
KUNAG,Sold_To_Party__KUNAG
KUNRG,Payer__KUNRG
KURRF,Exchrate_acct__KURRF
KURSK,Exchange_Rate__KURSK
KURSK_DAT,Translation_dte__KURSK_DAT
KVARC,Variant_cond__KVARC
KVGR1,Customer_grp_1__KVGR1
KVGR2,Customer_grp_2__KVGR2
KVGR3,Customer_grp_3__KVGR3
KVGR4,Customer_grp_4__KVGR4
KVGR5,Customer_grp_5__KVGR5
KWERT,Condition_value__KWERT
LOGSYS,Logical_System__LOGSYS
MANDTHTG,Client__MANDTHTG
MATKL,Material_Group__MATKL
MATNR,Material__MATNR
MATWA,MaterialEntered__MATWA
MVGR1,MaterialGroup_1__MVGR1
MVGR2,MaterialGroup_2__MVGR2
MVGR3,MaterialGroup_3__MVGR3
MVGR4,MaterialGroup_4__MVGR4
MVGR5,MaterialGroup_5__MVGR5
PERIV,FiYear_Variant__PERIV
PKUNRE,Bill_To_Party__PKUNRE
PKUNWE,Ship_To_Party__PKUNWE
POSAR,Item_type__POSAR
POSNR,Item__POSNR
PRODH,Prod_Hierarchy__PRODH
PROVG,Commission_grp__PROVG
PRSDT,Pricing_Date__PRSDT
PS_POSID,WBS_element__PS_POSID
PSPDNR,FwdAgent__PSPDNR
PSTYV,Item_Category__PSTYV
PVRTNR,Sales_employee__PVRTNR
ROCANCEL,Cancel_Ind__ROCANCEL
ROWX,Database_Rows__ROWX
RTID,Runtime_ID__RTID
SPARA,Division__SPARA
SPART,Division__SPART
STADAT,Statistics_date__STADAT
STUNR,Step_number__STUNR
STWAE,Stats_Currency__STWAE
VARCOND,Variant__VARCOND
VBELN,Sales_Document__VBELN
VBTYP,Document_cat__VBTYP
VGBEL,Reference_Doc__VGBEL
VGPOS,Reference_Item__VGPOS
VKBUR,Sales_Office__VKBUR
VKGRP,Sales_Group__VKGRP
VKORG,Sales_Org__VKORG
VRKME,Sales_Unit__VRKME
VTWEG,Distr_Channel__VTWEG
WAERK,Doc_Currency__WAERK
ZAEHK,Counter__ZAEHK
