﻿Field Name,Exported_Name
ABGRU,RejectionReason__ABGRU
ABSTA,Rejection_stat__ABSTA
AEDAT,Changed_On__AEDAT
AUART,Sales_Doc_Type__AUART
AUGRU,Order_reason__AUGRU
BUKRS,Company_Code__BUKRS
BWAPPLNM,Application_comp__BWAPPLNM
BWVORG,Transfer_process__BWVORG
BZIRK,Sales_district__BZIRK
EAN11,EAN_UPC__EAN11
ERDAT,Created_On__ERDAT
ERNAM,Created_By__ERNAM
ERZET,Time__ERZET
FAKSK,Billing_block__FAKSK
FAKSP,Billing_block__FAKSP
FBUDA,Servrendered__FBUDA
FKDAT,Billing_Date__FKDAT
HWAER,Local_Currency__HWAER
INCO1,Incoterms__INCO1
INCO2,Incoterms_2__INCO2
KAPPL,Application__KAPPL
KDGRP,Customer_group__KDGRP
KHERK,Conditorigin__KHERK
KINAK,Inactive__KINAK
KNTYP,Conditcategory__KNTYP
KOAID,Condition_class__KOAID
KSCHL,Condition_Type__KSCHL
KSTAT,Statistical__KSTAT
KTGRD,AccAssmtGrpCust__KTGRD
KUNNR,Sold_To_Party__KUNNR
KURSK,Exchange_Rate__KURSK
KURSK_DAT,Translation_dte__KURSK_DAT
KURST,Exch_Rate_Type__KURST
KVARC,Variant_cond__KVARC
KVGR1,Customer_grp_1__KVGR1
KVGR2,Customer_grp_2__KVGR2
KVGR3,Customer_grp_3__KVGR3
KVGR4,Customer_grp_4__KVGR4
KVGR5,Customer_grp_5__KVGR5
KWERT,Condition_value__KWERT
KWMENG,Order_Quantity__KWMENG
MANDTHTG,Client__MANDTHTG
MATKL,Material_Group__MATKL
MATNR,Material__MATNR
MATWA,MaterialEntered__MATWA
MVGR1,MaterialGroup_1__MVGR1
MVGR2,MaterialGroup_2__MVGR2
MVGR3,MaterialGroup_3__MVGR3
MVGR4,MaterialGroup_4__MVGR4
MVGR5,MaterialGroup_5__MVGR5
PERIV,FiYear_Variant__PERIV
PKUNRE,Bill_To_Party__PKUNRE
PKUNRG,Payer__PKUNRG
PKUNWE,Ship_To_Party__PKUNWE
POSNR,Item__POSNR
PRODH,Prod_Hierarchy__PRODH
PRSDT,Pricing_Date__PRSDT
PS_POSID,WBS_element__PS_POSID
PSTYV,Item_Category__PSTYV
PVRTNR,Sales_employee__PVRTNR
ROCANCEL,Cancel_Ind__ROCANCEL
ROWX,Database_Rows__ROWX
RTID,Runtime_ID__RTID
SPARA,Division__SPARA
SPART,Division__SPART
STADAT,Statistics_date__STADAT
STCUR,Exchrate_stats__STCUR
STUNR,Step_number__STUNR
STWAE,Stats_Currency__STWAE
UVPRS,Pricing__UVPRS
VARCOND,Variant__VARCOND
VBELN,Sales_Document__VBELN
VBTYP,Document_cat__VBTYP
VGTYP_AK,Sales_Doc_Cat_Ref__VGTYP_AK
VKBUR,Sales_Office__VKBUR
VKGRP,Sales_Group__VKGRP
VKORG,Sales_Org__VKORG
VRKME,Sales_Unit__VRKME
VTWEG,Distr_Channel__VTWEG
WAERK,Doc_Currency__WAERK
WAERK_VBAK,Doc_Currency__WAERK_VBAK
WAKTION,Promotion__WAKTION
ZAEHK,Counter__ZAEHK
ZIEME,Target_qty_UoM__ZIEME
ZMENG,Target_quantity__ZMENG
