﻿Field Name,Exported_Name
ABFER,ShpmtComplType__ABFER
ABWST,ProcessControl__ABWST
BFART,Service_Level__BFART
BRGEW,Gross_weight__BRGEW
DALBG,Currloadstart__DALBG
DALEN,Act_load_end__DALEN
DAREG,ActDate_ChkIn__DAREG
DATBG,CurrShipmtStart__DATBG
DATEN,ActShipmentEnd__DATEN
DGCL,Class__DGCL
DGNHM,Non_DG_Full__DGNHM
DGNU,ID_No__DGNU
DISTZ,Distance__DISTZ
DPABF,PlanShpCmplDte__DPABF
DPLBG,PlanLoadStart__DPLBG
DPLEN,PlanLoadingEnd__DPLEN
DPREG,PlanCheckInDate__DPREG
DPTBG,PlanShipStart__DPTBG
DPTEN,PlanShipmentEnd__DPTEN
DTABF,DateShpmntCmpl__DTABF
DTDIS,Planning_end__DTDIS
GEWEI,Weight_Unit__GEWEI
INCO1,Incoterms__INCO1
INCO2,Incoterms_2__INCO2
KNOTA,Departure_point__KNOTA
KNOTZ,Destpoint__KNOTZ
KUNNA,Custdepartpt__KUNNA
KUNNZ,Custdestpoint__KUNNZ
KUNWE,Ship_To_Party__KUNWE
LAUFK,Leg_indicator__LAUFK
LFART,Delivery_Type__LFART
LIFNA,Vendor_deppoint__LIFNA
LIFNR,Vendor__LIFNR
LIFNZ,Vendor_destinpt__LIFNZ
LSTEL,Deploadpoint__LSTEL
LSTEZ,DestLoadPoint__LSTEZ
LWDG,Regulation__LWDG
MANDTHTG,Client__MANDTHTG
MATNR,Material__MATNR
MEDST,UoM_distance__MEDST
MOT,ModeTransCat__MOT
NTGEW,Net_weight__NTGEW
NUMSTAWDELI,No_of_Stages_w__Del__NUMSTAWDELI
PARVW,Partner_Functn__PARVW
PGRO,Packing_Group__PGRO
ROCANCEL,Cancel_Ind__ROCANCEL
ROUTE,Route_for_stage__ROUTE
ROWX,Database_Rows__ROWX
RTID,Runtime_ID__RTID
RVLID,Validity_Area__RVLID
SDABW,Specprocessing__SDABW
SHTYP,Shipment_type__SHTYP
TDLNR,Service_agent__TDLNR
TKUI,ID_Number_Type__TKUI
TPLST,TransportPlanPt__TPLST
VBTYP,Document_cat__VBTYP
VOLEH,Volume_Unit__VOLEH
VOLUM,Volume__VOLUM
VSART,Shptype_stage__VSART
VSBED,ShpCond__VSBED
VSTEL,ShpPtDeparture__VSTEL
VSTEL_LK,Shipping_Point__VSTEL_LK
VSTEZ,ShPtDestination__VSTEZ
VTRLK_INCO1,Incoterms__VTRLK_INCO1
VTRLK_INCO1_BEZ,Description__VTRLK_INCO1_BEZ
VTRLK_INCO2,Incoterms_2__VTRLK_INCO2
WERKA,Plant_dep__WERKA
WERKS,Receiving_plant__WERKS
WERKZ,Plant_destpnt__WERKZ
