﻿Field Name,Exported_Name
ABFER,ShpmtComplType__ABFER
ABWST,ProcessControl__ABWST
AVG_BRGEW,Gross_weight__AVG_BRGEW
AVG_NTGEW,Net_weight__AVG_NTGEW
AVG_VOLUM,Volume__AVG_VOLUM
BFART,Service_Level__BFART
DALBG,Currloadstart__DALBG
DALEN,Act_load_end__DALEN
DAREG,ActDate_ChkIn__DAREG
DATBG,CurrShipmtStart__DATBG
DATEN,ActShipmentEnd__DATEN
DISTZ,Distance__DISTZ
DPABF,PlanShpCmplDte__DPABF
DPLBG,PlanLoadStart__DPLBG
DPLEN,PlanLoadingEnd__DPLEN
DPREG,PlanCheckInDate__DPREG
DPTBG,PlanShipStart__DPTBG
DPTEN,PlanShipmentEnd__DPTEN
DTABF,DateShpmntCmpl__DTABF
DTDIS,Planning_end__DTDIS
DTMEG,Weight_unit__DTMEG
DTMEV,Volume_unit__DTMEV
FAHZTD,Planned_act_durat__FAHZTD
FAHZTDA,Actual_duration__FAHZTDA
GESZTD,Planned_total_time__GESZTD
GESZTDA,Actual_total_time__GESZTDA
GEWEI,Weight_Unit__GEWEI
KAPAGEW,Capacity_Weight__KAPAGEW
KAPAVOL,Capacity_Volume__KAPAVOL
KNOTA,Departure_point__KNOTA
KNOTZ,Destpoint__KNOTZ
KUNNA,Custdepartpt__KUNNA
KUNNZ,Custdestpoint__KUNNZ
LAUFK,Leg_indicator__LAUFK
LIFNA,Vendor_deppoint__LIFNA
LIFNZ,Vendor_destinpt__LIFNZ
LSTEL,Deploadpoint__LSTEL
LSTEZ,DestLoadPoint__LSTEZ
MANDTHTG,Client__MANDTHTG
MAX_BRGEW,Gross_weight__MAX_BRGEW
MAX_NTGEW,Net_weight__MAX_NTGEW
MAX_VOLUM,Volume__MAX_VOLUM
MEDST,UoM_distance__MEDST
MIN_BRGEW,Gross_weight__MIN_BRGEW
MIN_NTGEW,Net_weight__MIN_NTGEW
MIN_VOLUM,Volume__MIN_VOLUM
NUMSHPWSTAG,NoShipmntsw_Stages__NUMSHPWSTAG
NUMSTAGINSHP,No_Stages__NUMSTAGINSHP
PARVW,Partner_Functn__PARVW
ROCANCEL,Cancel_Ind__ROCANCEL
ROUTE,Shipment_route__ROUTE
ROWX,Database_Rows__ROWX
RTID,Runtime_ID__RTID
SDABW,Specprocessing__SDABW
SHTYP,Shipment_type__SHTYP
SUM_BRGEW,Gross_weight__SUM_BRGEW
SUM_NTGEW,Net_weight__SUM_NTGEW
SUM_VOLUM,Volume__SUM_VOLUM
TDLNR,Service_agent__TDLNR
TPLST,TransportPlanPt__TPLST
VOLEH,Volume_Unit__VOLEH
VSART,Shipping_type__VSART
VSTEL,ShpPtDeparture__VSTEL
VSTEZ,ShPtDestination__VSTEZ
WERKA,Plant_dep__WERKA
WERKZ,Plant_destpnt__WERKZ
