﻿Field Name,Exported_Name
ABGRU,RejectionReason__ABGRU
ABSTA,Rejection_stat__ABSTA
AEDAT,Changed_On__AEDAT
ANGDT,Valid_from__ANGDT
ANZAUPO,Order_items__ANZAUPO
APOPLANNED,Planning_in_APO__APOPLANNED
AUART,Sales_Doc_Type__AUART
AUGRU,Order_reason__AUGRU
AWAHR,Order_probab__AWAHR
BNDDT,Valid_to__BNDDT
BRGEW,Gross_weight__BRGEW
BUKRS,Company_Code__BUKRS
BWAPPLNM,Application_comp__BWAPPLNM
BWVORG,Transfer_process__BWVORG
BZIRK,Sales_district__BZIRK
CHARG,Batch__CHARG
CMKUA,Exchange_rate__CMKUA
EAN11,EAN_UPC__EAN11
ERDAT,Created_On__ERDAT
ERNAM,Created_By__ERNAM
ERZET,Time__ERZET
FAKSK,Billing_block__FAKSK
FAKSP,Billing_block__FAKSP
FBUDA,Servrendered__FBUDA
FKDAT,Billing_Date__FKDAT
GEWEI,Weight_Unit__GEWEI
HWAER,Local_Currency__HWAER
INCO1,Incoterms__INCO1
INCO2,Incoterms_2__INCO2
KBMENG,CumConfirmedQty__KBMENG
KDGRP,Customer_group__KDGRP
KLMENG,CumConfirmedQty__KLMENG
KMEIN,Unit_of_measure__KMEIN
KNUMA_AG,Sales_deal__KNUMA_AG
KPEIN,Pricing_unit__KPEIN
KTGRD,AccAssmtGrpCust__KTGRD
KUNNR,Sold_To_Party__KUNNR
KURSK,Exchange_Rate__KURSK
KURSK_DAT,Translation_dte__KURSK_DAT
KURST,Exch_Rate_Type__KURST
KVGR1,Customer_grp_1__KVGR1
KVGR2,Customer_grp_2__KVGR2
KVGR3,Customer_grp_3__KVGR3
KVGR4,Customer_grp_4__KVGR4
KVGR5,Customer_grp_5__KVGR5
KWMENG,Order_Quantity__KWMENG
KZWI1,Subtotal_1__KZWI1
KZWI2,Subtotal_2__KZWI2
KZWI3,Subtotal_3__KZWI3
KZWI4,Subtotal_4__KZWI4
KZWI5,Subtotal_5__KZWI5
KZWI6,Subtotal_6__KZWI6
LFMNG,Min_dely_qty__LFMNG
LGORT,Storage_Loc__LGORT
LIFSK,Delivery_block__LIFSK
LSMENG,Required_DlvQty__LSMENG
MANDTHTG,Client__MANDTHTG
MATKL,Material_Group__MATKL
MATNR,Material__MATNR
MATWA,MaterialEntered__MATWA
MCBW_NETPR_AVKM,NtPrSlsQtyOrItm__MCBW_NETPR_AVKM
MCEX_APCAMPAIGN,Campaign_order_item__MCEX_APCAMPAIGN
MEINS,Base_Unit__MEINS
MVGR1,MaterialGroup_1__MVGR1
MVGR2,MaterialGroup_2__MVGR2
MVGR3,MaterialGroup_3__MVGR3
MVGR4,MaterialGroup_4__MVGR4
MVGR5,MaterialGroup_5__MVGR5
MWSBP,Tax_amount__MWSBP
NETPR,Net_price__NETPR
NETWR,Net_value__NETWR
NTGEW,Net_weight__NTGEW
PABLA,UnlPt_ShiptoPar__PABLA
PERIV,FiYear_Variant__PERIV
PKUNRE,Bill_To_Party__PKUNRE
PKUNRG,Payer__PKUNRG
PKUNWE,Ship_To_Party__PKUNWE
POSNR,Item__POSNR
PRODH,Prod_Hierarchy__PRODH
PRSDT,Pricing_Date__PRSDT
PS_POSID,WBS_element__PS_POSID
PSPDNR,FwdAgent__PSPDNR
PSTYV,Item_Category__PSTYV
PVRTNR,Sales_employee__PVRTNR
ROCANCEL,Cancel_Ind__ROCANCEL
ROUTE,Route__ROUTE
ROWX,Database_Rows__ROWX
RTID,Runtime_ID__RTID
SOBKZ,Special_Stock__SOBKZ
SPARA,Division__SPARA
SPART,Division__SPART
STADAT,Statistics_date__STADAT
STCUR,Exchrate_stats__STCUR
STWAE,Stats_Currency__STWAE
SUGRD,Reasn__SUGRD
UEBTK,Unlimited_tol__UEBTK
UEBTO,Overdeliv_Tol__UEBTO
UMVKN,Denominat__UMVKN
UMVKZ,Numerator__UMVKZ
UMZIN,Conversfactor__UMZIN
UMZIZ,Conversfactor__UMZIZ
UNTTO,Underdel_Tol__UNTTO
UVALL,Item__UVALL
UVFAK,Item_billdata__UVFAK
UVPRS,Pricing__UVPRS
UVVLK,Item_delivdata__UVVLK
VBELN,Sales_Document__VBELN
VBTYP,Document_cat__VBTYP
VDATU,UpdateDateStats__VDATU
VGBEL,Reference_Doc__VGBEL
VGPOS,Reference_Item__VGPOS
VGTYP,Precdoccateg__VGTYP
VGTYP_AK,Sales_Doc_Cat_Ref__VGTYP_AK
VKBUR,Sales_Office__VKBUR
VKGRP,Sales_Group__VKGRP
VKORG,Sales_Org__VKORG
VOLEH,Volume_Unit__VOLEH
VOLUM,Volume__VOLUM
VRKME,Sales_Unit__VRKME
VSTEL,Shipping_Point__VSTEL
VTWEG,Distr_Channel__VTWEG
WAERK,Doc_Currency__WAERK
WAERK_VBAK,Doc_Currency__WAERK_VBAK
WAKTION,Promotion__WAKTION
WAVWR,Cost__WAVWR
WERKS,Plant__WERKS
WMINR,Catalog__WMINR
ZIEME,Target_qty_UoM__ZIEME
ZMENG,Target_quantity__ZMENG
ZWERT,Target_Value__ZWERT
