﻿Field Name,Exported_Name
ANGDT,Valid_from__ANGDT
ANZAU,Orders__ANZAU
AUART,Sales_Doc_Type__AUART
AUGRU,Order_reason__AUGRU
BNDDT,Valid_to__BNDDT
BUKRS,Company_Code__BUKRS
ERDAT,Created_On__ERDAT
FAKSK,Billing_block__FAKSK
HWAER,Local_Currency__HWAER
KUNNR,Sold_To_Party__KUNNR
KURST,Exch_Rate_Type__KURST
KVGR1,Customer_grp_1__KVGR1
KVGR2,Customer_grp_2__KVGR2
KVGR3,Customer_grp_3__KVGR3
KVGR4,Customer_grp_4__KVGR4
KVGR5,Customer_grp_5__KVGR5
LIFSK,Delivery_block__LIFSK
MANDTHTG,Client__MANDTHTG
PERIV,FiYear_Variant__PERIV
PVRTNR,Sales_employee__PVRTNR
ROCANCEL,Cancel_Ind__ROCANCEL
ROWX,Database_Rows__ROWX
RTID,Runtime_ID__RTID
SPARA,Division__SPARA
STWAE,Stats_Currency__STWAE
VBELN,Sales_Document__VBELN
VBTYP,Document_cat__VBTYP
VDATU,Requestdlvdt__VDATU
VGTYP_AK,Sales_Doc_Cat_Ref__VGTYP_AK
VKBUR,Sales_Office__VKBUR
VKGRP,Sales_Group__VKGRP
VKORG,Sales_Org__VKORG
VTWEG,Distr_Channel__VTWEG
WAERK,Doc_Currency__WAERK
