﻿Field Name,Exported_Name
BWVORG,BWTrans_Key__BWVORG
CNFDT,Delivery_Date__CNFDT
CNFNR,Sequential_No__CNFNR
CNFQTY,Confirmed_Quantity__CNFQTY
CNFTM,Time__CNFTM
EBELN,Purchasing_Doc__EBELN
EBELP,Item__EBELP
EBTYP,Confirm_Cat__EBTYP
MANDTHTG,Client__MANDTHTG
MEINS,Order_Unit__MEINS
OPNQTY,Open_Quantity__OPNQTY
ROCANCEL,Cancel_Ind__ROCANCEL
ROWX,Database_Rows__ROWX
RTID,Runtime_ID__RTID
SCLDT,Delivery_date__SCLDT
SCLNR,Schedule_Line__SCLNR
SCLQTY,Scheduled_Qty__SCLQTY
SCLTM,Time__SCLTM
TTLQTY,Assigned_Quantity__TTLQTY
UMREN,Denominator__UMREN
UMREZ,Equal_To__UMREZ
