﻿Field Name,Exported_Name
/VSO/R_DPOINT,CollUnloadPoint__VSO_R_DPOINT
/VSO/R_I_NO_LYR,NoLayers_InPal__VSO_R_I_NO_LYR
/VSO/R_LOAD_PREF,F_B_Preference__VSO_R_LOAD_PREF
/VSO/R_MATPAL,PKM_of_Custom__VSO_R_MATPAL
/VSO/R_ONE_MAT,Material_Spec__VSO_R_ONE_MAT
/VSO/R_ONE_SORT,Pack_PckType__VSO_R_ONE_SORT
/VSO/R_PAL_UL,PKM_Length_Unit__VSO_R_PAL_UL
/VSO/R_PALHGT,Max_Stack_Hght__VSO_R_PALHGT
/VSO/R_PK_MAT,CustomerRelated__VSO_R_PK_MAT
/VSO/R_ULD_SIDE,Side_Preference__VSO_R_ULD_SIDE
/XLSO/CLIENT,Client__XLSO_CLIENT
/XLSO/CUSTOMER,Customer__XLSO_CUSTOMER
/XLSO/PARTNER,BusinessPartner__XLSO_PARTNER
/XLSO/PREF_PAY,_XLSO_PREF_PAY
/XLSO/SYSID,SAP_System_ID__XLSO_SYSID
ABRVW,Usage__ABRVW
ADRNR,Address__ADRNR
ALC,Agency_Loc_Cd__ALC
ANRED,Title__ANRED
AUFSD,Order_block__AUFSD
BAHNE,Express_station__BAHNE
BAHNS,Train_station__BAHNS
BBBNR,Location_no_1__BBBNR
BBSNR,Location_no_2__BBSNR
BEGRU,Authorization__BEGRU
BRAN1,Industry_code_1__BRAN1
BRAN2,Industry_code_2__BRAN2
BRAN3,Industry_code_3__BRAN3
BRAN4,Industry_code_4__BRAN4
BRAN5,Industry_code_5__BRAN5
BRSCH,Industry__BRSCH
BUBKZ,Check_digit__BUBKZ
CASSD,Sales_block__CASSD
CCC01,Biochemwarfare__CCC01
CCC02,Nuclnonprolif__CCC02
CCC03,Natlsecurity__CCC03
CCC04,Missile_techn__CCC04
CFOPC,CFOP_Category__CFOPC
CITYC,City_code__CITYC
CIVVE,Non_milit_use__CIVVE
CNAE,CNAE__CNAE
COMSIZE,Company_Size__COMSIZE
CONFS,Confirmstatus__CONFS
COUNC,County_code__COUNC
CRTN,CRT_Number__CRTN
CVP_XBLCK,PurposeComplete_Flag__CVP_XBLCK
DATLT,Data_line__DATLT
DEAR1,Competitors__DEAR1
DEAR2,Sales_partner__DEAR2
DEAR3,Prospect__DEAR3
DEAR4,Custtype_4__DEAR4
DEAR5,Default_SP__DEAR5
DEAR6,Consumer__DEAR6
DECREGPC,Decl_Reg_PIS_COFI__DECREGPC
DTAMS,DME_indicator__DTAMS
DTAWS,Instruction_key__DTAWS
DUEFL,Data_Transfer_Status__DUEFL
DUNS,DUNS_Number__DUNS
DUNS4,DUNS4__DUNS4
EKONT,Initial_contact__EKONT
ERDAT,Created_on__ERDAT
ERNAM,Created_by__ERNAM
ETIKG,Labcust_group__ETIKG
EXABL,Unloading_pts__EXABL
EXP,Issued_by__EXP
FAKSD,Billing_block__FAKSD
FEE_SCHEDULE,Fee_Schedule__FEE_SCHEDULE
FISKN,Fiscal_address__FISKN
FITYP,Tax_type__FITYP
GFORM,Legal_status__GFORM
HZUOR,Hierassignment__HZUOR
ICMSTAXPAY,ICMS_Taxpayer__ICMSTAXPAY
INDTYP,Industry_Main_Type__INDTYP
INSPATDEBI,After_delivery__INSPATDEBI
INSPBYDEBI,By_customer__INSPBYDEBI
J_1KFREPRE,"Rep's_Name__J_1KFREPRE"
J_1KFTBUS,Type_of_Business__J_1KFTBUS
J_1KFTIND,Type_of_Industry__J_1KFTIND
JMJAH,Year__JMJAH
JMZAH,Employee__JMZAH
KATR1,Attribute_1__KATR1
KATR10,Attribute_10__KATR10
KATR2,Attribute_2__KATR2
KATR3,Attribute_3__KATR3
KATR4,Attribute_4__KATR4
KATR5,Attribute_5__KATR5
KATR6,Attribute_6__KATR6
KATR7,Attribute_7__KATR7
KATR8,Attribute_8__KATR8
KATR9,Attribute_9__KATR9
KDKG1,Condition_grp_1__KDKG1
KDKG2,Condition_grp_2__KDKG2
KDKG3,Condition_grp_3__KDKG3
KDKG4,Condition_grp_4__KDKG4
KDKG5,Condition_grp_5__KDKG5
KNAZK,Working_times__KNAZK
KNRZA,Alternatpayer__KNRZA
KNURL,URL__KNURL
KONZS,Group__KONZS
KTOCD,Refacct_group__KTOCD
KTOKD,Account_group__KTOKD
KUKLA,Customer_Class__KUKLA
KUNNR,Customer__KUNNR
LAND1,Country__LAND1
LEGALNAT,Legal_Nature__LEGALNAT
LIFNR,Vendor__LIFNR
LIFSD,Delivery_block__LIFSD
LOCCO,Location_code__LOCCO
LOEVM,Deletion_flag__LOEVM
LZONE,Transport_Zone__LZONE
MANDT,Client__MANDT
MANDTHTG,Client__MANDTHTG
MCOD1,Name__MCOD1
MCOD2,Name_2__MCOD2
MCOD3,City__MCOD3
MILVE,Military_use__MILVE
NAME1,Name__NAME1
NAME2,Name_2__NAME2
NAME3,Name_3__NAME3
NAME4,Name_4__NAME4
NIELS,Nielsen_ID__NIELS
NODEL,Deletion_block__NODEL
OID_POREQD,PO_required__OID_POREQD
OIDRC,DiffRefCode__OIDRC
OIPBL,Location_ID__OIPBL
ORT01,City__ORT01
ORT02,District__ORT02
PERIV,FiYear_Variant__PERIV
PFACH,PO_Box__PFACH
PFORT,POBox_city__PFORT
PMT_OFFICE,Payment_Office__PMT_OFFICE
PSOFG,Processor_group__PSOFG
PSOHS,House_number__PSOHS
PSOIS,SLAPreprProced__PSOIS
PSON1,Name__PSON1
PSON2,Name_2__PSON2
PSON3,Name_3__PSON3
PSOO1,Description__PSOO1
PSOO2,Description__PSOO2
PSOO3,Description__PSOO3
PSOO4,Description__PSOO4
PSOO5,Description__PSOO5
PSOST,Street__PSOST
PSOTL,Title__PSOTL
PSOVN,First_Name__PSOVN
PSTL2,PO_Box_PCode__PSTL2
PSTLZ,Postal_Code__PSTLZ
REGIO,Region__REGIO
RG,RG_Number__RG
RGDATE,RG_Issuing_Date__RGDATE
RIC,RIC_Number__RIC
RNE,Foreign_National_Reg__RNE
RNEDATE,RNE_Issuing_Date__RNEDATE
ROWX,Database_Rows__ROWX
RPMKR,Regional_market__RPMKR
RTID,Runtime_ID__RTID
SORTL,Search_term__SORTL
SPERR,Posting_Block__SPERR
SPERZ,Payment_block__SPERZ
SPRAS,Language__SPRAS
STCD1,Tax_Number_1__STCD1
STCD2,Tax_Number_2__STCD2
STCD3,Tax_Number_3__STCD3
STCD4,Tax_Number_4__STCD4
STCD5,Tax_Number_5__STCD5
STCDT,Tax_number_type__STCDT
STCEG,VAT_Reg_No__STCEG
STKZA,Equalizatn_tax__STKZA
STKZN,Natural_person__STKZN
STKZU,Liable_for_VAT__STKZU
STRAS,Street__STRAS
SUFRAMA,Suframa_Code__SUFRAMA
TDT,Tax_Declaration_Type__TDT
TELBX,Telebox__TELBX
TELF1,Telephone_1__TELF1
TELF2,Telephone_2__TELF2
TELFX,Fax_Number__TELFX
TELTX,Teletex__TELTX
TELX1,Telex__TELX1
TXJCD,Tax_Jur__TXJCD
TXLW1,ICMS_law__TXLW1
TXLW2,IPI_law__TXLW2
UF,State__UF
UMJAH,Sales_year__UMJAH
UMSA1,Annual_sales__UMSA1
UMSAT,Annual_sales__UMSAT
UPDAT,Confirmdate__UPDAT
UPTIM,Confirmtime__UPTIM
UWAER,Currency__UWAER
VBUND,Trading_partner__VBUND
WERKS,Plant__WERKS
XCPDK,One_time_acct__XCPDK
XICMS,ICMS_exempt__XICMS
XKNZA,Altpayerdoc__XKNZA
XSUBT,SubTrib_group__XSUBT
XXIPI,IPI_exempt__XXIPI
XZEMP,Alpayer_in_doc__XZEMP
