﻿Field Name,Exported_Name
_DATAAGING,_DATAAGING
BILL_TO_ADR_GUID,Node_Key__BILL_TO_ADR_GUID
BILLING_STATUS,Confirmation_Status__BILLING_STATUS
BUY_CONTACT_GUID,Node_Key__BUY_CONTACT_GUID
BUYER_GUID,Node_Key__BUYER_GUID
CHANGED_AT,Changed_At__CHANGED_AT
CHANGED_BY,Node_Key__CHANGED_BY
CHANGED_BY_BP,Value__CHANGED_BY_BP
CLIENT,Client__CLIENT
CREATED_AT,Created_At__CREATED_AT
CREATED_BY,Node_Key__CREATED_BY
CREATED_BY_BP,Value__CREATED_BY_BP
CURRENCY_CODE,Currency_Code__CURRENCY_CODE
DELIVERY_STATUS,Ordering_Status__DELIVERY_STATUS
GROSS_AMOUNT,Gross_Amount__GROSS_AMOUNT
LIFECYCLE_STATUS,Lifecycle_Status__LIFECYCLE_STATUS
MANDTHTG,Client__MANDTHTG
NET_AMOUNT,Net_Amount__NET_AMOUNT
NODE_KEY,Node_Key__NODE_KEY
NOTE_GUID,Node_Key__NOTE_GUID
OP_ID,Opportunity_ID__OP_ID
OVERALL_STATUS,Overall_Status__OVERALL_STATUS
PAYMENT_METHOD,Payment_Method__PAYMENT_METHOD
PAYMENT_TERMS,SO_Payment_Term__PAYMENT_TERMS
ROWX,Database_Rows__ROWX
RTID,Runtime_ID__RTID
SHIP_TO_ADR_GUID,Node_Key__SHIP_TO_ADR_GUID
SO_ID,Sales_Order_ID__SO_ID
TAX_AMOUNT,Tax_Amount__TAX_AMOUNT
