﻿Field Name,Exported_Name
/SAPMP/ATNAM,Characteristic__SAPMP_ATNAM
/SAPMP/CEACT,FastDatEntry_Act__SAPMP_CEACT
/SAPMP/GAUF,Undo_Global_Local__SAPMP_GAUF
/SAPMP/PAUSW,InheritCharSlctn__SAPMP_PAUSW
/SAPMP/PDACT,Inher_Activated__SAPMP_PDACT
/SAPMP/PPROT,Inheritance_Log__SAPMP_PPROT
/SAPMP/PUSER,Inhrtnce_UsrValues__SAPMP_PUSER
ABGEBOT,Glob_perc_bid__ABGEBOT
ABVOR,Rel_Order_Qty__ABVOR
AR_OBJECT,Document_type__AR_OBJECT
BREFN,Field_Sel_Key__BREFN
BSAKZ,Control__BSAKZ
BSART,Document_Type__BSART
BSTYP,Document_cat__BSTYP
CP_AKTIVE,Comm_Plan_Act__CP_AKTIVE
CPTYPE,CP_Category__CPTYPE
FLS_RSTO,Enh_Store_Ret__FLS_RSTO
FSH_AUTO_DC,auto_dist__FSH_AUTO_DC
FSH_DPR_DETPRO,Determination_Proc__FSH_DPR_DETPRO
FSH_EXCL_RETURN,Excl_Ret_Items__FSH_EXCL_RETURN
FSH_PO_IDOC,GA_Creation__FSH_PO_IDOC
FSH_VAR_KALSM,Determination_Proc__FSH_VAR_KALSM
FSH_VAS_ACT,VAS_Active_Flag__FSH_VAS_ACT
FSH_VAS_DEL,VAS_Del_Criteria__FSH_VAS_DEL
FSH_VAS_DETDT,VAS_Deter_Date__FSH_VAS_DETDT
FSH_VAS_KALSM,Determination_Proc__FSH_VAS_KALSM
GSFRG,Overall_req_rel__GSFRG
HITYP,Hierarchy_cat__HITYP
KOAKO,KOAKO
KOETT,KOETT
KORNR,Corr_misc_pr__KORNR
KZALE,ALE_distr_contr__KZALE
LPHIS,Release_docu__LPHIS
MANDT,Client__MANDT
MANDTHTG,Client__MANDTHTG
MILL_OMKZ,Reference_chars__MILL_OMKZ
MSR_ACTIVE,Adv_Returns__MSR_ACTIVE
NUMKA,No_range_ALE__NUMKA
NUMKC,SRM_Number_Range__NUMKC
NUMKE,No_range_ext__NUMKE
NUMKI,NR_int_assgt__NUMKI
OICSEGI,QS_permitted__OICSEGI
OIRFQREQ,Prec_RFQ__req__OIRFQREQ
PARGR,PartnDetProc__PARGR
PINCR,Item_Interval__PINCR
RDP_PROFILE,RDP_Profile__RDP_PROFILE
REFBA,Ref_doc_type__REFBA
ROWX,Database_Rows__ROWX
RTID,Runtime_ID__RTID
SHENQ,Shared_lock__SHENQ
STAFO,Update_group__STAFO
STAKO,Tm_dep_conds__STAKO
TOLSL,Tolerance_Key__TOLSL
UMLIF,Vendor__UMLIF
UPINC,Subitem_Interv__UPINC
VARIANTE,Layout__VARIANTE
WRF_ENABLE_DATELINE,Enable_Dateline__WRF_ENABLE_DATELINE
WVVKZ,FP_Summar_Docs__WVVKZ
XLOKZ,CrossSysTransit__XLOKZ
