﻿Field Name,Exported_Name
/CUM/AUEST,Auto_Est_Costs__CUM_AUEST
/CUM/CMNUM,CM_Number__CUM_CMNUM
/CUM/DESNUM,CU_Design_No__CUM_DESNUM
/CUM/INDCU,CU_Order__CUM_INDCU
/MRSS/ACT_TYPE,Process_Variant__MRSS_ACT_TYPE
/MRSS/DATACHANGE,Data_changed__MRSS_DATACHANGE
/MRSS/INIT_DONE,Initialization_1x__MRSS_INIT_DONE
/MRSS/NW_BOOKED,Network_Booked__MRSS_NW_BOOKED
/MRSS/ORDER_PROB,Order_prob__MRSS_ORDER_PROB
/MRSS/PL_MAN_TYP,Mgr_type__MRSS_PL_MAN_TYP
/MRSS/PL_STRU_ID,RP_node__MRSS_PL_STRU_ID
/MRSS/SALES_ORG,Sales_Org__MRSS_SALES_ORG
ABGSL,RA_Key__ABGSL
ABKRS,Process_group__ABKRS
ABUKR,Req_cocode__ABUKR
ADRNRA,Address_number__ADRNRA
AEDAT,Changed_on__AEDAT
AENAM,Changed_by__AENAM
AEZEIT,Changed_at__AEZEIT
AKSTL,Reqcost_center__AKSTL
ANFAUFNR,Req_order__ANFAUFNR
ASTKZ,Statistical__ASTKZ
ASTNR,Status__ASTNR
AUART,Order_Type__AUART
AUFEX,Ext_order_no__AUFEX
AUFK_STATUS,Status_Comb__AUFK_STATUS
AUFNR,Order__AUFNR
AUTYP,Order_category__AUTYP
AWSLS,Variance_key__AWSLS
BEMOT,AcctIndicator__BEMOT
BUKRS,Company_Code__BUKRS
CCKEY,Cost_collector__CCKEY
CLAIM_CONTROL,Clm_Creation_Cntrl__CLAIM_CONTROL
COSTESTNR,Cost_EstimateNo__COSTESTNR
CPD_UPDAT,Time_Stamp__CPD_UPDAT
CSTG_VRNT,Costing_Variant__CSTG_VRNT
CYCLE,CCtr_True_post__CYCLE
DUMMY_CI_AUFK,DUMMY_CI_AUFK
ERDAT,Created_on__ERDAT
ERFZEIT,Time_created__ERFZEIT
ERNAM,Entered_by__ERNAM
ESTNR,Reached_status__ESTNR
ETYPE,Equity_type__ETYPE
FERC_IND,Reg_indicator__FERC_IND
FLG_MLTPS,MultipleItms__FLG_MLTPS
FUNC_AREA,Functional_Area__FUNC_AREA
GSBER,Business_Area__GSBER
IDAT1,Release__IDAT1
IDAT2,Techcompletion__IDAT2
IDAT3,Close__IDAT3
IVPRO,Invest_profile__IVPRO
IZWEK,Invest_reason__IZWEK
JV_JIBCL,JIB_JIBE_Class__JV_JIBCL
JV_JIBSA,JIB_JIBE_SbClsA__JV_JIBSA
JV_OCO,Or_Cost_Obj__JV_OCO
KALSM,Costing_Sheet__KALSM
KAPPL,Application__KAPPL
KDAUF,Sales_Order__KDAUF
KDPOS,Sales_ord_item__KDPOS
KOKRS,CO_Area__KOKRS
KOSTL,Cost_center__KOSTL
KOSTV,Resp_cost_cntr__KOSTV
KSTAR,Settlement_CE__KSTAR
KSTEMPF,Cost_collector__KSTEMPF
KTEXT,Description__KTEXT
KVEWE,Usage__KVEWE
LOEKZ,Deletion_flag__LOEKZ
LOGSYSTEM,Logical_System__LOGSYSTEM
LTEXT,Long_txt_exists__LTEXT
MANDT,Client__MANDT
MANDTHTG,Client__MANDTHTG
OBJID,Object_ID__OBJID
OBJNR,Object_number__OBJNR
OTYPE,JV_Object_Type__OTYPE
PDAT1,Planned_release__PDAT1
PDAT2,PlannedCompltn__PDAT2
PDAT3,Plannedclodat__PDAT3
PHAS0,Created__PHAS0
PHAS1,Released__PHAS1
PHAS2,Completed__PHAS2
PHAS3,Closed__PHAS3
PKOSA,Cost_collector__PKOSA
PLGKZ,Plan_line_items__PLGKZ
PLINT,Integ_planning__PLINT
PRCTR,Profit_Center__PRCTR
PROCNR,Prod_Proc_No__PROCNR
PROTY,Process_cat__PROTY
PSPEL,WBS_element__PSPEL
RECID,Recovery_Indic__RECID
REFNR,Order__REFNR
ROWX,Database_Rows__ROWX
RSORD,Refurbishment__RSORD
RTID,Runtime_ID__RTID
SAKNR,G_L_account__SAKNR
SCOPE,Object_Class__SCOPE
SDATE,Valid_From__SDATE
SEQNR,Sequence_number__SEQNR
SETNM,Allocation_set__SETNM
SIZECL,Scale__SIZECL
SOWRK,Location_plant__SOWRK
STDAT,Status_change__STDAT
STORT,Location__STORT
TXJCD,Tax_Jur__TXJCD
UMWKZ,Envir_invest__UMWKZ
UPDATE_CONTROL,Claim_Upd_Trigger__UPDATE_CONTROL
UPDATE_NEEDED,Claim_inconsistent__UPDATE_NEEDED
USER0,Applicant__USER0
USER1,Telephone__USER1
USER2,Person_resp__USER2
USER3,Telephone__USER3
USER4,Estimated_costs__USER4
USER5,ApplicDate__USER5
USER6,Department__USER6
USER7,Work_Start__USER7
USER8,End_of_Work__USER8
USER9,Work_permit__USER9
VAPLZ,Main_WorkCtr__VAPLZ
VERAA_USER,PersonResponsible__VERAA_USER
VNAME,Joint_venture__VNAME
VOGRP,DisTranGroup__VOGRP
WAERS,Currency__WAERS
WERKS,Plant__WERKS
ZSCHL,Overhead_key__ZSCHL
ZSCHM,Interest_Prof__ZSCHM
