﻿Field Name,Exported_Name
ABSKZ,Rejection_Ind__ABSKZ
AMOAM,Amort_act_qty__AMOAM
AMOAW,Amortactvalue__AMOAW
AMOBM,Amortplanqty__AMOBM
AMOBW,Amortplanval__AMOBW
AMODB,Period_to__AMODB
AMODV,Period_from__AMODV
AMORS,Amort_reset__AMORS
ANFNR,RFQ__ANFNR
ANFPS,Item__ANFPS
ANGDT,Quotation_from__ANGDT
ANGNR,Quotation__ANGNR
APLFZ,Pl_Deliv_Time__APLFZ
BONUS,V_Rebate_Ind__BONUS
BPRME,Order_Price_Un__BPRME
BPUMN,Qty_Conversion__BPUMN
BPUMZ,Qty_Conversion__BPUMZ
BSTAE,Conf_Control__BSTAE
BSTMA,Max_Quantity__BSTMA
BSTYP,Document_cat__BSTYP
BWTAR,Valuation_Type__BWTAR
CO_ORDER,RT_Consumption__CO_ORDER
DATLB,Document_Date__DATLB
DIFF_INVOICE,Diff_Invoicing__DIFF_INVOICE
EBELN,Purchasing_Doc__EBELN
EBELP,Item__EBELP
EBON2,Sett_Group_2__EBON2
EBON3,Sett_Group_3__EBON3
EBONF,No_Subs_Sett__EBONF
EBONU,Sett_Group_1__EBONU
EFFPR,Effect_Price__EFFPR
EKGRP,Purch_Group__EKGRP
EKKOL,Condition_Group__EKKOL
EKORG,Purchasing_Org__EKORG
ERDAT,Created_On__ERDAT
ERNAM,Created_By__ERNAM
ESOKZ,Infotype__ESOKZ
EVERS,Shipping_Instr__EVERS
EXPRF,Procedure__EXPRF
FSH_DCI_CORR,DCI_correlation__FSH_DCI_CORR
FSH_MLT,Manuf_Lead_Time__FSH_MLT
FSH_PLT,Packing_Lead_Time__FSH_PLT
FSH_RLT,Replen_Lead_Time__FSH_RLT
FSH_TLT,Transport_Lead_Time__FSH_TLT
INCO1,Incoterms__INCO1
INCO2,Incoterms_2__INCO2
INCO2_L,Inco_Location1__INCO2_L
INCO3_L,Inco_Location2__INCO3_L
INCOV,Inco_Version__INCOV
INFNR,Info_record__INFNR
IPRKZ,Period_Ind__IPRKZ
J_1BNBM,NCM_Code__J_1BNBM
KZABS,Acknowl_Reqd__KZABS
LOEKZ,Purchorg_data__LOEKZ
MANDT,Client__MANDT
MANDTHTG,Client__MANDTHTG
MATNR,Material__MATNR
MEGRU,UoM_Group__MEGRU
MEINS,Base_Unit__MEINS
MEPRF,Pr_Date_Cat__MEPRF
MGBON,Quantity_Rebate__MGBON
MHDRZ,Rem_Shelf_Life__MHDRZ
MINBM,Minimum_Qty__MINBM
MRPIND,MRPind__MRPIND
MTXNO,No_Mat_Text__MTXNO
MWSKZ,Tax_Code__MWSKZ
NETPR,Net_Price__NETPR
NORBM,Standard_Qty__NORBM
PEINH,Price_unit__PEINH
PRDAT,Valid_to__PRDAT
RDPRF,Rnding_Profile__RDPRF
ROWX,Database_Rows__ROWX
RTID,Runtime_ID__RTID
SGT_SSREL,Stock_Seg_Rel_Ind__SGT_SSREL
SKTOF,No_Cash_Disc__SKTOF
SPE_CRE_REF_DOC,Create_Ref_Doc__SPE_CRE_REF_DOC
STAGING_TIME,Staging_Time__STAGING_TIME
TRANSPORT_CHAIN,Transportation_Chain__TRANSPORT_CHAIN
UEBTK,Unlimited__UEBTK
UEBTO,Overdeliv_Tol__UEBTO
UNTTO,Underdel_Tol__UNTTO
VENDOR_RMA_REQ,RMA_Required__VENDOR_RMA_REQ
VERID,Prod_Version__VERID
WAERS,Currency__WAERS
WEBRE,GR_Based_IV__WEBRE
WERKS,Plant__WERKS
XERSN,No_ERS__XERSN
