﻿Field Name,Exported_Name
/STTPEC/SERTYPE,Serialization_Type__STTPEC_SERTYPE
/STTPEC/SYNCACT,Sync_Active__STTPEC_SYNCACT
/STTPEC/SYNCTIME,Last_Synchronized__STTPEC_SYNCTIME
AENAM,Changed_by__AENAM
BATCH_TYPE,Batch_Type__BATCH_TYPE
BWTAR,Valuation_Type__BWTAR
CHAME,Batch_issue_un__CHAME
CHARG,Batch__CHARG
CUOBJ_BM,Int_object_no__CUOBJ_BM
DEACT_BM,Batch_Deactivated__DEACT_BM
ERNAM,Created_By__ERNAM
ERSDA,Created_On__ERSDA
ERSDA_TMSTP,Time_Stamp__ERSDA_TMSTP
ERSDA_TZ_SYS,Time_Zone__ERSDA_TZ_SYS
ERSDA_TZ_USR,Time_Zone__ERSDA_TZ_USR
FSH_COLLECTION,Collection__FSH_COLLECTION
FSH_SEASON,Season__FSH_SEASON
FSH_SEASON_YEAR,Season_Year__FSH_SEASON_YEAR
FSH_THEME,Theme__FSH_THEME
FVDT1,Date__FVDT1
FVDT2,Date__FVDT2
FVDT3,Date__FVDT3
FVDT4,Date__FVDT4
FVDT5,Date__FVDT5
FVDT6,Date__FVDT6
HERKL,Ctry_of_origin__HERKL
HERKR,Reg_of_origin__HERKR
HSDAT,Date_of_Manuf__HSDAT
LAEDA,Last_Change__LAEDA
LICHA,Vendor_Batch__LICHA
LIFNR,Vendor__LIFNR
LVORM,Batch_Del_Flag__LVORM
LWEDT,Last_goods_rec__LWEDT
MANDT,Client__MANDT
MANDTHTG,Client__MANDTHTG
MATNR,Material__MATNR
MTVER,Exp_imp_group__MTVER
QNDAT,Next_inspection__QNDAT
ROWX,Database_Rows__ROWX
RTID,Runtime_ID__RTID
SGT_SCAT,Stock_Segment__SGT_SCAT
VERAB,Available_from__VERAB
VFDAT,SLED_BBD__VFDAT
VLCHA,Original_batch__VLCHA
VLMAT,Origmaterial__VLMAT
VLWRK,Original_plant__VLWRK
WERKS,Plant__WERKS
ZAEDT,Last_change__ZAEDT
ZFDAT,Certified_On__ZFDAT
ZUSCH,Status_key__ZUSCH
ZUSTD,Batch_restr__ZUSTD
