﻿Field Name,Exported_Name
ADRN2,Address__ADRN2
ADRNR,Address__ADRNR
ADVCODE,Advice_Code__ADVCODE
AFNAM,Requisitioner__AFNAM
AKTNR,Promotion__AKTNR
ANZSN,Noserial_no__ANZSN
ARSNR,SettlereserNo__ARSNR
ARSPS,Settleitem_no__ARSPS
ATTYP,Matl_Category__ATTYP
BADAT,Requisn_Date__BADAT
BANFN,PurchReq__BANFN
BANFN_CS,CS_PReq__BANFN_CS
BANPR,Proc_state__BANPR
BATOL,Resubmission__BATOL
BEDAT,PO_Date__BEDAT
BEDNR,Tracking_Number__BEDNR
BERID,MRP_Area__BERID
BESWK,Procuring_Plant__BESWK
BLCKD,Blocking_Ind__BLCKD
BLCKT,Blocking_Text__BLCKT
BMEIN,Order_Unit__BMEIN
BNFPO,Requisn_item__BNFPO
BNFPO_CS,CS_PReqItm__BNFPO_CS
BPUEB,PO_price__BPUEB
BSAKZ,Control__BSAKZ
BSART,Document_Type__BSART
BSMNG,Order_quantity__BSMNG
BSMNG_SND,PO_Qty_Sender__BSMNG_SND
BSTYP,Document_cat__BSTYP
BUDGET_PD,Budget_Period__BUDGET_PD
BUMNG,Shortage__BUMNG
BVDAT,Last_resubmiss__BVDAT
BVDRK,No_resubmiss__BVDRK
BWTAR,Valuation_Type__BWTAR
CHARG,Batch__CHARG
CUOBJ,Int_object_no__CUOBJ
DAT01,Committed_date__DAT01
DISPO,MRP_Controller__DISPO
DISUB_KUNNR,Customer__DISUB_KUNNR
DISUB_OWNER,Owner_of_stock__DISUB_OWNER
DISUB_POSNR,Item__DISUB_POSNR
DISUB_PSPNR,WBS_Element__DISUB_PSPNR
DISUB_SOBKZ,Sp_stock__DISUB_SOBKZ
DISUB_VBELN,Sales_Document__DISUB_VBELN
EBAKZ,Closed__EBAKZ
EBELN,Purchase_order__EBELN
EBELP,Item__EBELP
EKGRP,Purch_Group__EKGRP
EKORG,Purchasing_Org__EKORG
EMATN,MPN_material__EMATN
EMLIF,Vendor__EMLIF
EMNFR,External_manuf__EMNFR
EPREFDOC,External_doc__EPREFDOC
EPREFITM,External_item__EPREFITM
EPROFILE,Procurement_prof__EPROFILE
ERDAT,Changed_On__ERDAT
ERNAM,Created_By__ERNAM
ESTKZ,Creation_ind__ESTKZ
FIPOS,Commitment_item__FIPOS
FISTL,Funds_center__FISTL
FIXKZ,Fixed_ind__FIXKZ
FKBER,Functional_Area__FKBER
FLIEF,Fixed_vendor__FLIEF
FMFGUS_KEY,US_Govt__FMFGUS_KEY
FORDN,Framework_Order__FORDN
FORDP,Frwrk_ord_item__FORDP
FRGDT,Release_Date__FRGDT
FRGGR,Release_group__FRGGR
FRGKZ,Release_ind__FRGKZ
FRGRL,Subjto_release__FRGRL
FRGST,Rel_strategy__FRGST
FRGZU,Release_State__FRGZU
FSH_ITEM,Item_Number__FSH_ITEM
FSH_ITEM_GROUP,Item_Group__FSH_ITEM_GROUP
FSH_TRANSACTION,Transaction_Number__FSH_TRANSACTION
FSH_VAS_PRNT_ID,Item__FSH_VAS_PRNT_ID
FSH_VAS_REL,VAS_Relevant__FSH_VAS_REL
GEBER,Fund__GEBER
GMMNG,PO_Qty_on_Hold__GMMNG
GRANT_NBR,Grant__GRANT_NBR
GSFRG,Overall_req_rel__GSFRG
IDNLF,Vendor_Mat_No__IDNLF
INFNR,Info_record__INFNR
IPRKZ,Period_Ind__IPRKZ
ITEM_CS,CS_Item_Cat__ITEM_CS
IUID_RELEVANT,IUID_Relevant__IUID_RELEVANT
KANBA,Kanban_Indicat__KANBA
KBLNR,Earmarked_Funds__KBLNR
KBLPOS,Document_item__KBLPOS
KFLAG,Modifiable__KFLAG
KNTTP,Acct_Assgmt_Cat__KNTTP
KONNR,Agreement__KONNR
KTPNR,Agreement_item__KTPNR
KUNNR,Customer__KUNNR
KZBWS,Valuation__KZBWS
KZFME,Units_meas_use__KZFME
KZKFG,Origin_of_config__KZKFG
KZVBR,Consumption__KZVBR
LBLKZ,SC_vendor__LBLKZ
LBLNI,Entry_Sheet__LBLNI
LFDAT,Delivery_date__LFDAT
LGORT,Storage_Loc__LGORT
LIFNR,Desired_Vendor__LIFNR
LOEKZ,Deletion_ind__LOEKZ
LPEIN,Delivery_date__LPEIN
MANDT,Client__MANDT
MANDTHTG,Client__MANDTHTG
MATKL,Material_Group__MATKL
MATNR,Material__MATNR
MEINS,Unit_of_Measure__MEINS
MEMORY,Incomplete__MEMORY
MEMORYTYPE,Incompl_Cat__MEMORYTYPE
MENGE,Quantity__MENGE
MFRNR,Manufacturer__MFRNR
MFRPN,Mfr_Part_Number__MFRPN
MHDRZ,Rem_Shelf_Life__MHDRZ
MNG02,Committed_Qty__MNG02
MPROF,Mfr_part_profile__MPROF
NO_MARD_DATA,No_SLoc_Data__NO_MARD_DATA
NODISP,Res_Purc_req__NODISP
PACKNO,Package_number__PACKNO
PEINH,Price_unit__PEINH
PLIFZ,Pl_Deliv_Time__PLIFZ
PREIS,Valuation_Price__PREIS
PRIO_REQ,Reqmt_Priority__PRIO_REQ
PRIO_URG,Reqmt_Urgency__PRIO_URG
PSTYP,Item_category__PSTYP
QUNUM,Quota_arr__QUNUM
QUPOS,Quota_arr_item__QUPOS
REPOS,Invoice_receipt__REPOS
RESLO,Iss_Stor_Loc__RESLO
RESWK,Supplying_Plant__RESWK
REVLV,Revision_level__REVLV
REVNO,Version__REVNO
RLWRT,Tot_val_rel__RLWRT
ROWX,Count__ROWX
RSNUM,Reservation__RSNUM
RTID,Runtime_ID__RTID
SATNR,Cross_plant_CM__SATNR
SERNR,BOM_explnumber__SERNR
SERRU,Subcon_type__SERRU
SGT_RCAT,Reqmnt_Segment__SGT_RCAT
SGT_SCAT,Stock_Segment__SGT_SCAT
SOBKZ,Special_Stock__SOBKZ
SPRAS,Language__SPRAS
SRM_CONTRACT_ID,Central_Contract__SRM_CONTRACT_ID
SRM_CONTRACT_ITM,Cent_Contract_Item__SRM_CONTRACT_ITM
STACODE,StatusCode__STACODE
STATU,Processing_stat__STATU
STORENETWORKID,STORENETWORKID
STORESUPPLIERID,STORESUPPLIERID
TECHS,StandardVariant__TECHS
TWRKZ,Partial_invoice__TWRKZ
TXZ01,Short_Text__TXZ01
UMSOK,Spindsttfr__UMSOK
UZEIT,Time__UZEIT
VERID,Prod_Version__VERID
VORAB,Advance_proc__VORAB
VRTKZ,Distribution__VRTKZ
VRTYP,Document_cat__VRTYP
WAERS,Currency__WAERS
WEBAZ,GR_proc_time__WEBAZ
WEPOS,Goods_receipt__WEPOS
WERKS,Plant__WERKS
WEUNB,GR_non_valuated__WEUNB
WRF_CHARSTC1,Characteristic_1__WRF_CHARSTC1
WRF_CHARSTC2,Characteristic_2__WRF_CHARSTC2
WRF_CHARSTC3,Characteristic_3__WRF_CHARSTC3
WRTKZ,Reduce_Com_Value__WRTKZ
XOBLR,Commitments__XOBLR
ZUGBA,Assigned__ZUGBA
