﻿Field Name,Exported_Name
DISKZ,MRP_ind__DISKZ
KUNNR,Customer__KUNNR
LGOBE,Description__LGOBE
LGORT,Storage_Loc__LGORT
LIFNR,Vendor__LIFNR
MANDT,Client__MANDT
MANDTHTG,Client__MANDTHTG
MESBS,Business_System__MESBS
MESST,Inv_Mnngmt_Type__MESST
OIB_TNKASSIGN,Tankassn__OIB_TNKASSIGN
OIG_ITRFL,In_transit__OIG_ITRFL
OIH_LICNO,License_number__OIH_LICNO
PARLG,Partner_storLoc__PARLG
ROWX,Database_Rows__ROWX
RTID,Runtime_ID__RTID
SPART,Division__SPART
VKORG,Sales_Org__VKORG
VSTEL,Shipping_Point__VSTEL
VTWEG,Distr_Channel__VTWEG
WERKS,Plant__WERKS
XBLGO,Authorization__XBLGO
XBUFX,FrzBookInv_SLoc__XBUFX
XHUPF,HU_reqmnt__XHUPF
XLONG,Negstocks_SLoc__XLONG
XRESS,Stor_resource__XRESS
