﻿Field Name,Exported_Name
ADDR_GROUP,Address_group__ADDR_GROUP
ADDRESS_ID,Address_ID__ADDRESS_ID
ADDRNUMBER,Address_number__ADDRNUMBER
ADDRORIGIN,Address_Source__ADDRORIGIN
ADRC_ERR_STATUS,Error_Status__ADRC_ERR_STATUS
ADRC_UUID,Address_UUID__ADRC_UUID
BUILDING,Building_Code__BUILDING
CHCKSTATUS,Check_Status__CHCKSTATUS
CITY_CODE,City_Code__CITY_CODE
CITY_CODE2,City_Code__CITY_CODE2
CITY1,City__CITY1
CITY2,District__CITY2
CITYH_CODE,City_Code__CITYH_CODE
CITYP_CODE,District__CITYP_CODE
CLIENT,Client__CLIENT
COUNTRY,Country__COUNTRY
COUNTY,County__COUNTY
COUNTY_CODE,County_code__COUNTY_CODE
DATE_FROM,From__DATE_FROM
DATE_TO,To__DATE_TO
DEFLT_COMM,Comm_Method__DEFLT_COMM
DELI_SERV_NUMBER,Delivery_Service_No__DELI_SERV_NUMBER
DELI_SERV_TYPE,Delvry_Serv_Type__DELI_SERV_TYPE
DONT_USE_P,Undeliverable__DONT_USE_P
DONT_USE_S,Undeliverable__DONT_USE_S
EXTENSION1,Data_line__EXTENSION1
EXTENSION2,Telebox__EXTENSION2
FAX_EXTENS,Extension__FAX_EXTENS
FAX_NUMBER,Fax__FAX_NUMBER
FLAGCOMM10,Printer__FLAGCOMM10
FLAGCOMM11,SSF__FLAGCOMM11
FLAGCOMM12,URI_FTP__FLAGCOMM12
FLAGCOMM13,Pager__FLAGCOMM13
FLAGCOMM2,Telephone__FLAGCOMM2
FLAGCOMM3,Fax__FLAGCOMM3
FLAGCOMM4,Teletex__FLAGCOMM4
FLAGCOMM5,Telex__FLAGCOMM5
FLAGCOMM6,E_Mail_Defined__FLAGCOMM6
FLAGCOMM7,R_Mail__FLAGCOMM7
FLAGCOMM8,X400__FLAGCOMM8
FLAGCOMM9,RFC__FLAGCOMM9
FLAGGROUPS,FLAGGROUPS
FLOOR,Floor__FLOOR
HOME_CITY,Different_City__HOME_CITY
HOUSE_NUM1,House_Number__HOUSE_NUM1
HOUSE_NUM2,Supplement__HOUSE_NUM2
HOUSE_NUM3,Number_Range__HOUSE_NUM3
ID_CATEGORY,ID_Category__ID_CATEGORY
LANGU,Language__LANGU
LANGU_CREA,Creation_lang__LANGU_CREA
LOCATION,Street_5__LOCATION
MANDTHTG,Client__MANDTHTG
MC_CITY1,City__MC_CITY1
MC_COUNTY,County__MC_COUNTY
MC_NAME1,Name__MC_NAME1
MC_STREET,Street__MC_STREET
MC_TOWNSHIP,Township__MC_TOWNSHIP
NAME_CO,c_o__NAME_CO
NAME_TEXT,Conv_name__NAME_TEXT
NAME1,Name__NAME1
NAME2,Name_2__NAME2
NAME3,Name_3__NAME3
NAME4,Name_4__NAME4
NATION,Address_Version__NATION
PCODE1_EXT,Postal_Code_Ext__PCODE1_EXT
PCODE2_EXT,Postal_Code_Ext__PCODE2_EXT
PCODE3_EXT,Postal_Code_Ext__PCODE3_EXT
PERS_ADDR,pers_address__PERS_ADDR
PO_BOX,PO_Box__PO_BOX
PO_BOX_CTY,PO_box_country__PO_BOX_CTY
PO_BOX_LOBBY,PO_Box_Lobby__PO_BOX_LOBBY
PO_BOX_LOC,PO_Box_City__PO_BOX_LOC
PO_BOX_NUM,PO_Box_w_o_No__PO_BOX_NUM
PO_BOX_REG,PO_Region__PO_BOX_REG
POST_CODE1,Postal_Code__POST_CODE1
POST_CODE2,PO_Box_Post_Cde__POST_CODE2
POST_CODE3,Company_Post_Cd__POST_CODE3
POSTALAREA,Delivery_Dist__POSTALAREA
REGIOGROUP,Structure_Group__REGIOGROUP
REGION,Region__REGION
ROOMNUMBER,Room_Number__ROOMNUMBER
ROWX,Database_Rows__ROWX
RTID,Runtime_ID__RTID
SORT_PHN,Phonet_Sort__SORT_PHN
SORT1,Search_Term_1__SORT1
SORT2,Search_Term_2__SORT2
STR_SUPPL1,Street_2__STR_SUPPL1
STR_SUPPL2,Street_3__STR_SUPPL2
STR_SUPPL3,Street_4__STR_SUPPL3
STREET,Street__STREET
STREETABBR,Street_Abbrev__STREETABBR
STREETCODE,Street_Code__STREETCODE
TAXJURCODE,Tax_Jurisdiction__TAXJURCODE
TEL_EXTENS,Extension__TEL_EXTENS
TEL_NUMBER,Telephone__TEL_NUMBER
TIME_ZONE,Time_zone__TIME_ZONE
TITLE,Title__TITLE
TOWNSHIP,Township__TOWNSHIP
TOWNSHIP_CODE,Township_code__TOWNSHIP_CODE
TRANSPZONE,Transport_Zone__TRANSPZONE
UUID_BELATED,Subsequent_UUID__UUID_BELATED
XPCPT,PurposeComplete_Flag__XPCPT
